锘縈sgLocalTrackUpdate,2237.438232421875,kj500,red,20.771234398810741,126.16854559951989,8000.0,xq-58a_16,blue,XQ-58A,blue,21.775905516407054,126.70792001998572,9638.863607518795,,,,,,,,,
MsgLocalTrackUpdate,2238.438232421875,kj500,red,20.772322524784901,126.16679126411078,8000.0,xq-58a_16,blue,XQ-58A,blue,21.777153740326757,126.70590249898748,9471.881198244488,,,,,,,,,
MsgLocalTrackUpdate,2239.438232421875,kj500,red,20.773413424620415,126.16503240233016,8000.0,xq-58a_16,blue,XQ-58A,blue,21.778402005049042,126.70388483763307,9304.90863841039,,,,,,,,,
MsgLocalTrackUpdate,2240.438232421875,kj500,red,20.774502910460544,126.16327576616713,8000.0,xq-58a_16,blue,XQ-58A,blue,21.779650310569313,126.70186703591274,9137.94592879013,,,,,,,,,
MsgLocalTrackUpdate,2241.438232421875,kj500,red,20.775649718166203,126.16142664840984,8000.0,xq-58a_16,blue,XQ-58A,blue,21.780898656882986,126.69984909381692,8970.993070154258,,,,,,,,,
MsgLocalTrackUpdate,2242.438232421875,kj500,red,20.776739166965527,126.15966996083252,8000.0,xq-58a_16,blue,XQ-58A,blue,21.782147043985475,126.69783101133596,8804.050063273087,,,,,,,,,
MsgLocalTrackUpdate,2243.438232421875,kj500,red,20.77782859771737,126.15791324820512,8000.0,xq-58a_16,blue,XQ-58A,blue,21.78339547187216,126.6958127884602,8637.11690892163,,,,,,,,,
MsgLocalTrackUpdate,2244.438232421875,kj500,red,20.778916267258996,126.15615932151287,8000.0,xq-58a_16,blue,XQ-58A,blue,21.78464394053845,126.69379442518,8470.19360787323,,,,,,,,,
MsgLocalTrackUpdate,2245.438232421875,kj500,red,20.780064741134218,126.154307285904,8000.0,xq-58a_16,blue,XQ-58A,blue,21.785892449979755,126.69177592148576,8303.280160895367,,,,,,,,,
MsgLocalTrackUpdate,2246.438232421875,kj500,red,20.781154116785888,126.15255049679928,8000.0,xq-58a_16,blue,XQ-58A,blue,21.78714100019147,126.68975727736776,8136.376568763019,,,,,,,,,
MsgLocalTrackUpdate,2237.443115234375,kj500,red,20.771234398810741,126.16854559951989,8000.0,xq-58a_15,blue,XQ-58A,blue,20.805341225142282,126.10507626473814,9638.87286902074,,,,,,,,,
MsgLocalTrackUpdate,2238.443115234375,kj500,red,20.772322524784901,126.16679126411078,8000.0,xq-58a_15,blue,XQ-58A,blue,20.806750432763202,126.10320006998373,9471.885354783373,,,,,,,,,
MsgLocalTrackUpdate,2239.443115234375,kj500,red,20.773413424620415,126.16503240233016,8000.0,xq-58a_15,blue,XQ-58A,blue,20.808159693713623,126.1013237423029,9304.90767213284,,,,,,,,,
MsgLocalTrackUpdate,2240.443115234375,kj500,red,20.774502910460544,126.16327576616713,8000.0,xq-58a_15,blue,XQ-58A,blue,20.80956900798983,126.09944728168547,9137.939821844844,,,,,,,,,
MsgLocalTrackUpdate,2241.443115234375,kj500,red,20.775649718166203,126.16142664840984,8000.0,xq-58a_15,blue,XQ-58A,blue,20.81097837558813,126.09757068812141,8970.981804686378,,,,,,,,,
MsgLocalTrackUpdate,2242.443115234375,kj500,red,20.776739166965527,126.15966996083252,8000.0,xq-58a_15,blue,XQ-58A,blue,20.81238779650481,126.09569396160057,8804.033621429138,,,,,,,,,
MsgLocalTrackUpdate,2243.443115234375,kj500,red,20.77782859771737,126.15791324820512,8000.0,xq-58a_15,blue,XQ-58A,blue,20.813797270736153,126.09381710211285,8637.09527284739,,,,,,,,,
MsgLocalTrackUpdate,2244.443115234375,kj500,red,20.778975347431178,126.1560640499544,8000.0,xq-58a_15,blue,XQ-58A,blue,20.815206798278453,126.09194010964818,8470.166759708813,,,,,,,,,
MsgLocalTrackUpdate,2245.443115234375,kj500,red,20.780064741134218,126.154307285904,8000.0,xq-58a_15,blue,XQ-58A,blue,20.816616379128,126.09006298419642,8303.248082785074,,,,,,,,,
MsgLocalTrackUpdate,2246.443115234375,kj500,red,20.781154116785888,126.15255049679928,8000.0,xq-58a_15,blue,XQ-58A,blue,20.818026013281074,126.08818572574748,8136.339242848302,,,,,,,,,
MsgLocalTrackUpdate,2237.44775390625,kj500,red,20.771234398810741,126.16854559951989,8000.0,xq-58a_10,blue,XQ-58A,blue,23.102874201667856,127.07174128655637,9638.813305911961,,,,,,,,,
MsgLocalTrackUpdate,2238.44775390625,kj500,red,20.772322524784901,126.16679126411078,8000.0,xq-58a_10,blue,XQ-58A,blue,23.10371260736689,127.06947321691084,9471.841401622045,,,,,,,,,
MsgLocalTrackUpdate,2239.44775390625,kj500,red,20.773413424620415,126.16503240233016,8000.0,xq-58a_10,blue,XQ-58A,blue,23.104551024444323,127.06720500059039,9304.879331157525,,,,,,,,,
MsgLocalTrackUpdate,2240.44775390625,kj500,red,20.7745602513207,126.16318331093844,8000.0,xq-58a_10,blue,XQ-58A,blue,23.10538945289417,127.06493663758798,9137.927095282716,,,,,,,,,
MsgLocalTrackUpdate,2241.44775390625,kj500,red,20.775649718166203,126.16142664840984,8000.0,xq-58a_10,blue,XQ-58A,blue,23.106227892710447,127.06266812789642,8970.984694775108,,,,,,,,,
MsgLocalTrackUpdate,2242.44775390625,kj500,red,20.776739166965527,126.15966996083252,8000.0,xq-58a_10,blue,XQ-58A,blue,23.107066343887173,127.06039947150862,8804.052130397127,,,,,,,,,
MsgLocalTrackUpdate,2243.44775390625,kj500,red,20.77782859771737,126.15791324820512,8000.0,xq-58a_10,blue,XQ-58A,blue,23.10790480641835,127.05813066841745,8637.129402925066,,,,,,,,,
MsgLocalTrackUpdate,2244.44775390625,kj500,red,20.778975347431178,126.1560640499544,8000.0,xq-58a_10,blue,XQ-58A,blue,23.108743280297997,127.05586171861586,8470.216513128626,,,,,,,,,
MsgLocalTrackUpdate,2245.44775390625,kj500,red,20.780064741134218,126.154307285904,8000.0,xq-58a_10,blue,XQ-58A,blue,23.109581765520115,127.05359262209666,8303.313461777272,,,,,,,,,
MsgLocalTrackUpdate,2246.44775390625,kj500,red,20.781154116785888,126.15255049679928,8000.0,xq-58a_10,blue,XQ-58A,blue,23.11042026207872,127.05132337885276,8136.420249640923,,,,,,,,,
MsgLocalTrackUpdate,2237.45263671875,kj500,red,20.771234398810741,126.16854559951989,8000.0,xq-58a_9,blue,XQ-58A,blue,22.80909328891566,126.87169493917953,9638.8213003748,,,,,,,,,
MsgLocalTrackUpdate,2238.45263671875,kj500,red,20.772322524784901,126.16679126411078,8000.0,xq-58a_9,blue,XQ-58A,blue,22.810058873144076,126.86949101143216,9471.847381888527,,,,,,,,,
MsgLocalTrackUpdate,2239.45263671875,kj500,red,20.773413424620415,126.16503240233016,8000.0,xq-58a_9,blue,XQ-58A,blue,22.811024477529422,126.86728693745134,9304.883303604502,,,,,,,,,
MsgLocalTrackUpdate,2240.45263671875,kj500,red,20.7745602513207,126.16318331093844,8000.0,xq-58a_9,blue,XQ-58A,blue,22.811990102066037,126.86508271722909,9137.929066297549,,,,,,,,,
MsgLocalTrackUpdate,2241.45263671875,kj500,red,20.775649718166203,126.16142664840984,8000.0,xq-58a_9,blue,XQ-58A,blue,22.812955746748255,126.86287835075733,8970.984670735208,,,,,,,,,
MsgLocalTrackUpdate,2242.45263671875,kj500,red,20.776739166965527,126.15966996083252,8000.0,xq-58a_9,blue,XQ-58A,blue,22.813921411570398,126.86067383802805,8804.050117691115,,,,,,,,,
MsgLocalTrackUpdate,2243.45263671875,kj500,red,20.77782859771737,126.15791324820512,8000.0,xq-58a_9,blue,XQ-58A,blue,22.8148870965268,126.85846917903322,8637.125407934433,,,,,,,,,
MsgLocalTrackUpdate,2244.45263671875,kj500,red,20.778975347431178,126.1560640499544,8000.0,xq-58a_9,blue,XQ-58A,blue,22.815852801611793,126.8562643737648,8470.210542234789,,,,,,,,,
MsgLocalTrackUpdate,2245.45263671875,kj500,red,20.780064741134218,126.154307285904,8000.0,xq-58a_9,blue,XQ-58A,blue,22.816818526819684,126.85405942221479,8303.305521367212,,,,,,,,,
MsgLocalTrackUpdate,2246.45263671875,kj500,red,20.781154116785888,126.15255049679928,8000.0,xq-58a_9,blue,XQ-58A,blue,22.817784272144824,126.85185432437513,8136.410346100141,,,,,,,,,
MsgLocalTrackUpdate,2237.457275390625,kj500,red,20.771234398810741,126.16854559951989,8000.0,xq-58a_6,blue,XQ-58A,blue,21.82613144440358,126.3803159014182,9638.846856351536,,,,,,,,,
MsgLocalTrackUpdate,2238.457275390625,kj500,red,20.772322524784901,126.16679126411078,8000.0,xq-58a_6,blue,XQ-58A,blue,21.82742581501586,126.37833753776174,9471.865899880915,,,,,,,,,
MsgLocalTrackUpdate,2239.457275390625,kj500,red,20.773413424620415,126.16503240233016,8000.0,xq-58a_6,blue,XQ-58A,blue,21.828720229743638,126.37635903511763,9304.894752712054,,,,,,,,,
MsgLocalTrackUpdate,2240.457275390625,kj500,red,20.7745602513207,126.16318331093844,8000.0,xq-58a_6,blue,XQ-58A,blue,21.830014688582533,126.37438039347593,9137.93341561694,,,,,,,,,
MsgLocalTrackUpdate,2241.457275390625,kj500,red,20.775649718166203,126.16142664840984,8000.0,xq-58a_6,blue,XQ-58A,blue,21.83130919152815,126.3724016128267,8970.98188936379,,,,,,,,,
MsgLocalTrackUpdate,2242.457275390625,kj500,red,20.776739166965527,126.15966996083252,8000.0,xq-58a_6,blue,XQ-58A,blue,21.832603738576104,126.37042269316005,8804.040174721278,,,,,,,,,
MsgLocalTrackUpdate,2243.457275390625,kj500,red,20.777884887420853,126.15782247930066,8000.0,xq-58a_6,blue,XQ-58A,blue,21.833898329721997,126.36844363446603,8637.108272455733,,,,,,,,,
MsgLocalTrackUpdate,2244.457275390625,kj500,red,20.778975347431178,126.1560640499544,8000.0,xq-58a_6,blue,XQ-58A,blue,21.835192964961443,126.3664644367347,8470.186183340991,,,,,,,,,
MsgLocalTrackUpdate,2245.457275390625,kj500,red,20.780064741134218,126.154307285904,8000.0,xq-58a_6,blue,XQ-58A,blue,21.83648764429004,126.36448509995616,8303.273908142888,,,,,,,,,
MsgLocalTrackUpdate,2246.457275390625,kj500,red,20.781154116785888,126.15255049679928,8000.0,xq-58a_6,blue,XQ-58A,blue,21.837782367703404,126.36250562412046,8136.37144763337,,,,,,,,,
MsgLocalTrackUpdate,2237.462158203125,kj500,red,20.771234398810741,126.16854559951989,8000.0,xq-58a_4,blue,XQ-58A,blue,20.310119311563515,125.53889104283421,9638.870301340712,,,,,,,,,
MsgLocalTrackUpdate,2238.462158203125,kj500,red,20.772322524784901,126.16679126411078,8000.0,xq-58a_4,blue,XQ-58A,blue,20.311772028113168,125.53725474195548,9471.881392416657,,,,,,,,,
MsgLocalTrackUpdate,2239.462158203125,kj500,red,20.773470766430268,126.16493994841967,8000.0,xq-58a_4,blue,XQ-58A,blue,20.31342481593682,125.53561832081515,9304.902354057895,,,,,,,,,
MsgLocalTrackUpdate,2240.462158203125,kj500,red,20.7745602513207,126.16318331093844,8000.0,xq-58a_4,blue,XQ-58A,blue,20.315077675032022,125.53398177940258,9137.933187039896,,,,,,,,,
MsgLocalTrackUpdate,2241.462158203125,kj500,red,20.775649718166203,126.16142664840984,8000.0,xq-58a_4,blue,XQ-58A,blue,20.316730605396323,125.53234511770722,8970.973892135786,,,,,,,,,
MsgLocalTrackUpdate,2242.462158203125,kj500,red,20.776739166965527,126.15966996083252,8000.0,xq-58a_4,blue,XQ-58A,blue,20.318383607027247,125.53070833571844,8804.024470118435,,,,,,,,,
MsgLocalTrackUpdate,2243.462158203125,kj500,red,20.777884887420853,126.15782247930066,8000.0,xq-58a_4,blue,XQ-58A,blue,20.32003667992234,125.52907143342568,8637.084921766114,,,,,,,,,
MsgLocalTrackUpdate,2244.462158203125,kj500,red,20.778975347431178,126.1560640499544,8000.0,xq-58a_4,blue,XQ-58A,blue,20.32168982407914,125.52743441081834,8470.155247854736,,,,,,,,,
MsgLocalTrackUpdate,2245.462158203125,kj500,red,20.780064741134218,126.154307285904,8000.0,xq-58a_4,blue,XQ-58A,blue,20.323343039495175,125.52579726788584,8303.235449152922,,,,,,,,,
MsgLocalTrackUpdate,2246.462158203125,kj500,red,20.781154116785888,126.15255049679928,8000.0,xq-58a_4,blue,XQ-58A,blue,20.324996326167987,125.52416000461754,8136.325526438211,,,,,,,,,
MsgLocalTrackUpdate,2237.466796875,kj500,red,20.771234398810741,126.16854559951989,8000.0,xq-58a_2,blue,XQ-58A,blue,19.485800077252847,125.44100001146563,9638.905488372273,,,,,,,,,
MsgLocalTrackUpdate,2238.466796875,kj500,red,20.772322524784901,126.16679126411078,8000.0,xq-58a_2,blue,XQ-58A,blue,19.48787040846276,125.4400390959274,9471.910123424135,,,,,,,,,
MsgLocalTrackUpdate,2239.466796875,kj500,red,20.773470766430268,126.16493994841967,8000.0,xq-58a_2,blue,XQ-58A,blue,19.489940842961527,125.43907810573134,9304.924650663655,,,,,,,,,
MsgLocalTrackUpdate,2240.466796875,kj500,red,20.7745602513207,126.16318331093844,8000.0,xq-58a_2,blue,XQ-58A,blue,19.49201138074961,125.43811704086929,9137.94907087062,,,,,,,,,
MsgLocalTrackUpdate,2241.466796875,kj500,red,20.775649718166203,126.16142664840984,8000.0,xq-58a_2,blue,XQ-58A,blue,19.49408202182748,125.4371559013331,8970.983384817511,,,,,,,,,
MsgLocalTrackUpdate,2242.466796875,kj500,red,20.776739166965527,126.15966996083252,8000.0,xq-58a_2,blue,XQ-58A,blue,19.496152766195607,125.4361946871146,8804.027593289267,,,,,,,,,
MsgLocalTrackUpdate,2243.466796875,kj500,red,20.777884887420853,126.15782247930066,8000.0,xq-58a_2,blue,XQ-58A,blue,19.498223613854456,125.43523339820561,8637.081697055064,,,,,,,,,
MsgLocalTrackUpdate,2244.466796875,kj500,red,20.778975347431178,126.1560640499544,8000.0,xq-58a_2,blue,XQ-58A,blue,19.500294564804488,125.43427203459801,8470.14569689794,,,,,,,,,
MsgLocalTrackUpdate,2245.466796875,kj500,red,20.780064741134218,126.154307285904,8000.0,xq-58a_2,blue,XQ-58A,blue,19.502365619046167,125.43331059628359,8303.219593592221,,,,,,,,,
MsgLocalTrackUpdate,2246.466796875,kj500,red,20.781211451846438,126.15245803352077,8000.0,xq-58a_2,blue,XQ-58A,blue,19.504436776579958,125.43234908325418,8136.303387916222,,,,,,,,,
MsgLocalTrackUpdate,2237.476318359375,kj500,red,20.771234398810741,126.16854559951989,8000.0,f-35c_1,blue,F-35C,blue,18.91976367092716,125.94551829759976,10639.053819711226,,,,,,,,,
MsgLocalTrackUpdate,2238.476318359375,kj500,red,20.772381263496207,126.16669656085497,8000.0,f-35c_1,blue,F-35C,blue,18.922192381072033,125.94483779349969,10472.05237411448,,,,,,,,,
MsgLocalTrackUpdate,2239.476318359375,kj500,red,20.773470766430268,126.16493994841967,8000.0,f-35c_1,blue,F-35C,blue,18.92462121578498,125.9441572341726,10305.063151409951,,,,,,,,,
MsgLocalTrackUpdate,2240.476318359375,kj500,red,20.7745602513207,126.16318331093844,8000.0,f-35c_1,blue,F-35C,blue,18.927050175065684,125.94347661961193,10138.08615255937,,,,,,,,,
MsgLocalTrackUpdate,2241.476318359375,kj500,red,20.775649718166203,126.16142664840984,8000.0,f-35c_1,blue,F-35C,blue,18.92947925891385,125.9427959498112,9971.121378520646,,,,,,,,,
MsgLocalTrackUpdate,2242.476318359375,kj500,red,20.776796505876096,126.15957750289772,8000.0,f-35c_1,blue,F-35C,blue,18.931908467329176,125.94211522476381,9804.168830254219,,,,,,,,,
MsgLocalTrackUpdate,2243.476318359375,kj500,red,20.777884887420853,126.15782247930066,8000.0,f-35c_1,blue,F-35C,blue,18.934337800311354,125.94143444446328,9637.22850872306,,,,,,,,,
MsgLocalTrackUpdate,2244.476318359375,kj500,red,20.778975347431178,126.1560640499544,8000.0,f-35c_1,blue,F-35C,blue,18.936767257860065,125.94075360890308,9470.300414887728,,,,,,,,,
MsgLocalTrackUpdate,2245.476318359375,kj500,red,20.780064741134218,126.154307285904,8000.0,f-35c_1,blue,F-35C,blue,18.939196839975015,125.9400727180766,9303.384549704264,,,,,,,,,
MsgLocalTrackUpdate,2246.476318359375,kj500,red,20.781211451846438,126.15245803352077,8000.0,f-35c_1,blue,F-35C,blue,18.941626546655872,125.9393917719774,9136.480914139696,,,,,,,,,
MsgLocalTrackUpdate,2237.52392578125,kj500,red,20.771291027511758,126.16845430100432,8000.0,f-35c_2,blue,F-35C,blue,18.46081134779108,125.75182847329536,10638.776619549697,,,,,,,,,
MsgLocalTrackUpdate,2238.52392578125,kj500,red,20.772381263496207,126.16669656085497,8000.0,f-35c_2,blue,F-35C,blue,18.458909903528866,125.75210161425515,10471.715698578988,,,,,,,,,
MsgLocalTrackUpdate,2239.52392578125,kj500,red,20.773528108190146,126.16484749443981,8000.0,f-35c_2,blue,F-35C,blue,18.457008358486895,125.75237476347952,10304.661905058134,,,,,,,,,
MsgLocalTrackUpdate,2240.52392578125,kj500,red,20.77461759213087,126.16309085564035,8000.0,f-35c_2,blue,F-35C,blue,18.45510671266149,125.75264792096881,10137.615239547873,,,,,,,,,
MsgLocalTrackUpdate,2241.52392578125,kj500,red,20.775707058026615,126.16133419179343,8000.0,f-35c_2,blue,F-35C,blue,18.45320496604895,125.75292108672339,9970.575702614406,,,,,,,,,
MsgLocalTrackUpdate,2242.52392578125,kj500,red,20.776853491405578,126.15948561463478,8000.0,f-35c_2,blue,F-35C,blue,18.451303118645594,125.75319426074357,9803.543294820942,,,,,,,,,
MsgLocalTrackUpdate,2243.52392578125,kj500,red,20.777943273588722,126.15772832962917,8000.0,f-35c_2,blue,F-35C,blue,18.449401170447736,125.7534674430298,9636.518016729802,,,,,,,,,
MsgLocalTrackUpdate,2244.52392578125,kj500,red,20.779032684391872,126.15597158931318,8000.0,f-35c_2,blue,F-35C,blue,18.447499121451685,125.7537406335824,9469.49986890596,,,,,,,,,
MsgLocalTrackUpdate,2245.52392578125,kj500,red,20.780122077144881,126.15421482394417,8000.0,f-35c_2,blue,F-35C,blue,18.445596971653757,125.7540138324017,9302.488851913497,,,,,,,,,
MsgLocalTrackUpdate,2246.52392578125,kj500,red,20.781268786856991,126.15236557017285,8000.0,f-35c_2,blue,F-35C,blue,18.44369472105026,125.7542870394881,9135.484966316328,,,,,,,,,
MsgLocalTrackUpdate,2237.5224609375,054A_1,red,21.230644444444444,124.82280555555555,0.0,f-35c_4_LRSAM_1,blue,CLIENT_AGM,blue,20.45936683576573,125.03970024376976,2801.261316554517,95916.985613557525,2.8990949618457496,0.023520416337859638,,,,,,
MsgLocalTrackUpdate,2238.5224609375,kj500,red,20.77186517686161,126.16752863168817,8000.0,f-35c_4_LRSAM_1,blue,CLIENT_AGM,blue,20.462177524407355,125.03955633309955,2695.555981478214,,,,,,,,,
MsgLocalTrackUpdate,2239.5224609375,kj500,red,20.77295468834221,126.16577203111628,8000.0,f-35c_4_LRSAM_1,blue,CLIENT_AGM,blue,20.464988305660693,125.03941241242529,2589.86595469632,,,,,,,,,
MsgLocalTrackUpdate,2240.5224609375,kj500,red,20.774101523039821,126.16392295082542,8000.0,f-35c_4_LRSAM_1,blue,CLIENT_AGM,blue,20.467799179516586,125.03926848174596,2484.1912369686347,,,,,,,,,
MsgLocalTrackUpdate,2241.5224609375,055_1,red,21.047783333333335,125.00977777777778,0.0,f-35c_4_LRSAM_1,blue,CLIENT_AGM,blue,20.470610145965882,125.0391245410605,2378.5318290528303,72042.656502295431,3.0935952350070721,0.035703332795731686,,,,,,
MsgLocalTrackUpdate,2242.5224609375,kj500,red,20.77519099748335,126.16216629884325,8000.0,f-35c_4_LRSAM_1,blue,CLIENT_AGM,blue,20.473421204999422,125.03898059036787,2272.8877317128945,,,,,,,,,
MsgLocalTrackUpdate,2243.5224609375,054A_1,red,21.230644444444444,124.82280555555555,0.0,f-35c_4_LRSAM_1,blue,CLIENT_AGM,blue,20.47623235660805,125.03883662966702,2167.2589457043496,94696.24461472343,2.8965718871118051,0.02401739983168321,,,,,,
MsgLocalTrackUpdate,2244.5224609375,kj500,red,20.776280453881217,126.16040962181295,8000.0,f-35c_4_LRSAM_1,blue,CLIENT_AGM,blue,20.479043600782596,125.03869265895692,2061.64547178833,,,,,,,,,
MsgLocalTrackUpdate,2245.5224609375,kj500,red,20.777369191324777,126.15865404995256,8000.0,f-35c_4_LRSAM_1,blue,CLIENT_AGM,blue,20.481854937513905,125.03854867823651,1956.0473107259525,,,,,,,,,
MsgLocalTrackUpdate,2246.5224609375,kj500,red,20.778516649945583,126.15680373258573,8000.0,f-35c_4_LRSAM_1,blue,CLIENT_AGM,blue,20.4846663667928,125.0384046875048,1850.4644632747975,,,,,,,,,
MsgLocalTrackUpdate,2237.52880859375,kj500,red,20.771291027511758,126.16845430100432,8000.0,f-35c_3,blue,F-35C,blue,19.303761942822394,126.53957316242816,10638.953879312447,,,,,,,,,
MsgLocalTrackUpdate,2238.52880859375,kj500,red,20.772438606205714,126.16660410819331,8000.0,f-35c_3,blue,F-35C,blue,19.30140652232122,126.54042367919703,10471.952860688663,,,,,,,,,
MsgLocalTrackUpdate,2239.52880859375,kj500,red,20.773528108190146,126.16484749443981,8000.0,f-35c_3,blue,F-35C,blue,19.29905097342765,126.54127421606677,10304.963834106948,,,,,,,,,
MsgLocalTrackUpdate,2240.52880859375,kj500,red,20.77461759213087,126.16309085564035,8000.0,f-35c_3,blue,F-35C,blue,19.296695296140758,126.54212477303776,10137.986800513949,,,,,,,,,
MsgLocalTrackUpdate,2241.52880859375,kj500,red,20.775707058026615,126.16133419179343,8000.0,f-35c_3,blue,F-35C,blue,19.2943394904596,126.54297535011027,9971.021760857442,,,,,,,,,
MsgLocalTrackUpdate,2242.52880859375,kj500,red,20.776853491405578,126.15948561463478,8000.0,f-35c_3,blue,F-35C,blue,19.29198355638323,126.5438259472847,9804.068716088428,,,,,,,,,
MsgLocalTrackUpdate,2243.52880859375,kj500,red,20.777943273588722,126.15772832962917,8000.0,f-35c_3,blue,F-35C,blue,19.289627493910714,126.54467656456137,9637.127667152687,,,,,,,,,
MsgLocalTrackUpdate,2244.52880859375,kj500,red,20.779032684391872,126.15597158931318,8000.0,f-35c_3,blue,F-35C,blue,19.287271303041116,126.54552720194059,9470.198614998522,,,,,,,,,
MsgLocalTrackUpdate,2245.52880859375,kj500,red,20.780122077144881,126.15421482394417,8000.0,f-35c_3,blue,F-35C,blue,19.284914983773504,126.54637785942273,9303.281560575362,,,,,,,,,
MsgLocalTrackUpdate,2246.52880859375,kj500,red,20.781268786856991,126.15236557017285,8000.0,f-35c_3,blue,F-35C,blue,19.28255853610694,126.54722853700811,9136.376504833044,,,,,,,,,
MsgLocalTrackUpdate,2237.533447265625,kj500,red,20.771291027511758,126.16845430100432,8000.0,f-35c_5,blue,F-35C,blue,19.499666369365222,126.97794762252155,10639.009799128207,,,,,,,,,
MsgLocalTrackUpdate,2238.533447265625,kj500,red,20.772438606205714,126.16660410819331,8000.0,f-35c_5,blue,F-35C,blue,19.501595960429093,126.97624262963751,10472.014932705177,,,,,,,,,
MsgLocalTrackUpdate,2239.533447265625,kj500,red,20.773528108190146,126.16484749443981,8000.0,f-35c_5,blue,F-35C,blue,19.50352563646249,126.97453750721616,10305.032301762343,,,,,,,,,
MsgLocalTrackUpdate,2240.533447265625,kj500,red,20.77461759213087,126.16309085564035,8000.0,f-35c_5,blue,F-35C,blue,19.505455397461237,126.97283225524576,10138.061907258698,,,,,,,,,
MsgLocalTrackUpdate,2241.533447265625,kj500,red,20.775707058026615,126.16133419179343,8000.0,f-35c_5,blue,F-35C,blue,19.50738524342114,126.97112687371462,9971.103750157881,,,,,,,,,
MsgLocalTrackUpdate,2242.533447265625,kj500,red,20.776853491405578,126.15948561463478,8000.0,f-35c_5,blue,F-35C,blue,19.509315174338013,126.96942136261093,9804.157831419714,,,,,,,,,
MsgLocalTrackUpdate,2243.533447265625,kj500,red,20.777943273588722,126.15772832962917,8000.0,f-35c_5,blue,F-35C,blue,19.511245190207696,126.967715721923,9637.224151998787,,,,,,,,,
MsgLocalTrackUpdate,2244.533447265625,kj500,red,20.779032684391872,126.15597158931318,8000.0,f-35c_5,blue,F-35C,blue,19.513175291025973,126.96600995163907,9470.302712857865,,,,,,,,,
MsgLocalTrackUpdate,2245.533447265625,kj500,red,20.780179413105532,126.15412236191494,8000.0,f-35c_5,blue,F-35C,blue,19.515105476788662,126.96430405174736,9303.393514958007,,,,,,,,,
MsgLocalTrackUpdate,2246.533447265625,kj500,red,20.781268786856991,126.15236557017285,8000.0,f-35c_5,blue,F-35C,blue,19.51703574749158,126.96259802223615,9136.496559259274,,,,,,,,,
MsgLocalTrackUpdate,2237.538330078125,kj500,red,20.771291027511758,126.16845430100432,8000.0,f-35c_6,blue,F-35C,blue,21.53125030219589,127.84112478012976,10638.959832228205,,,,,,,,,
MsgLocalTrackUpdate,2238.538330078125,kj500,red,20.772438606205714,126.16660410819331,8000.0,f-35c_6,blue,F-35C,blue,21.532708882790022,127.83892930250123,10471.978029784997,,,,,,,,,
MsgLocalTrackUpdate,2239.538330078125,kj500,red,20.773528108190146,126.16484749443981,8000.0,f-35c_6,blue,F-35C,blue,21.53416751089443,127.83673366629976,10305.008466813939,,,,,,,,,
MsgLocalTrackUpdate,2240.538330078125,kj500,red,20.77461759213087,126.16309085564035,8000.0,f-35c_6,blue,F-35C,blue,21.535626186502196,127.83453787151461,10138.051144272244,,,,,,,,,
MsgLocalTrackUpdate,2241.538330078125,kj500,red,20.77576439783703,126.16124173510762,8000.0,f-35c_6,blue,F-35C,blue,21.53708490960642,127.83234191813507,9971.106063120362,,,,,,,,,
MsgLocalTrackUpdate,2242.538330078125,kj500,red,20.776853491405578,126.15948561463478,8000.0,f-35c_6,blue,F-35C,blue,21.53854368020019,127.83014580615041,9804.173224317754,,,,,,,,,
MsgLocalTrackUpdate,2243.538330078125,kj500,red,20.777943273588722,126.15772832962917,8000.0,f-35c_6,blue,F-35C,blue,21.540002498276586,127.82794953554986,9637.25262882217,,,,,,,,,
MsgLocalTrackUpdate,2244.538330078125,kj500,red,20.779032684391872,126.15597158931318,8000.0,f-35c_6,blue,F-35C,blue,21.54146136382869,127.82575310632275,9470.344277595304,,,,,,,,,
MsgLocalTrackUpdate,2245.538330078125,kj500,red,20.780179413105532,126.15412236191494,8000.0,f-35c_6,blue,F-35C,blue,21.542920276849596,127.82355651845828,9303.448171591512,,,,,,,,,
MsgLocalTrackUpdate,2246.538330078125,kj500,red,20.781268786856991,126.15236557017285,8000.0,f-35c_6,blue,F-35C,blue,21.544379237332368,127.82135977194578,9136.56431177543,,,,,,,,,
MsgLocalTrackUpdate,2237.54296875,kj500,red,20.771349086178862,126.16836069690211,8000.0,f-35c_7,blue,F-35C,blue,21.072285739282485,127.94748289737933,10638.971114739621,,,,,,,,,
MsgLocalTrackUpdate,2238.54296875,kj500,red,20.772438606205714,126.16660410819331,8000.0,f-35c_7,blue,F-35C,blue,21.074041920277384,127.945568964322,10471.985753960496,,,,,,,,,
MsgLocalTrackUpdate,2239.54296875,kj500,red,20.773528108190146,126.16484749443981,8000.0,f-35c_7,blue,F-35C,blue,21.075798171635423,127.94365488629947,10305.012573791992,,,,,,,,,
MsgLocalTrackUpdate,2240.54296875,kj500,red,20.77461759213087,126.16309085564035,8000.0,f-35c_7,blue,F-35C,blue,21.07755449335118,127.94174066329961,10138.05157518439,,,,,,,,,
MsgLocalTrackUpdate,2241.54296875,kj500,red,20.77576439783703,126.16124173510762,8000.0,f-35c_7,blue,F-35C,blue,21.07931088541924,127.93982629531013,9971.102759094727,,,,,,,,,
MsgLocalTrackUpdate,2242.54296875,kj500,red,20.776853491405578,126.15948561463478,8000.0,f-35c_7,blue,F-35C,blue,21.081067347834164,127.93791178231889,9804.166126478343,,,,,,,,,
MsgLocalTrackUpdate,2243.54296875,kj500,red,20.777943273588722,126.15772832962917,8000.0,f-35c_7,blue,F-35C,blue,21.082823880590528,127.93599712431369,9637.241678288878,,,,,,,,,
MsgLocalTrackUpdate,2244.54296875,kj500,red,20.779032684391872,126.15597158931318,8000.0,f-35c_7,blue,F-35C,blue,21.084580483682906,127.93408232128229,9470.329415481088,,,,,,,,,
MsgLocalTrackUpdate,2245.54296875,kj500,red,20.780179413105532,126.15412236191494,8000.0,f-35c_7,blue,F-35C,blue,21.086337157105845,127.93216737321252,9303.429339011564,,,,,,,,,
MsgLocalTrackUpdate,2246.54296875,kj500,red,20.781268786856991,126.15236557017285,8000.0,f-35c_7,blue,F-35C,blue,21.08809390085392,127.93025228009218,9136.541449835884,,,,,,,,,
MsgLocalTrackUpdate,2237.5478515625,kj500,red,20.771349086178862,126.16836069690211,8000.0,f-35c_8,blue,F-35C,blue,22.202170182636433,128.44950671150548,10638.64508663497,,,,,,,,,
MsgLocalTrackUpdate,2238.5478515625,kj500,red,20.772438606205714,126.16660410819331,8000.0,f-35c_8,blue,F-35C,blue,22.202987984926736,128.44787550102777,10471.598471512163,,,,,,,,,
MsgLocalTrackUpdate,2239.5478515625,kj500,red,20.773528108190146,126.16484749443981,8000.0,f-35c_8,blue,F-35C,blue,22.203805813785564,128.44624418638526,10304.55759240597,,,,,,,,,
MsgLocalTrackUpdate,2240.5478515625,kj500,red,20.77461759213087,126.16309085564035,8000.0,f-35c_8,blue,F-35C,blue,22.204623669211383,128.44461276757065,10137.522449764681,,,,,,,,,
MsgLocalTrackUpdate,2241.5478515625,kj500,red,20.77576439783703,126.16124173510762,8000.0,f-35c_8,blue,F-35C,blue,22.205441551202664,128.44298124457666,9970.493044036448,,,,,,,,,
MsgLocalTrackUpdate,2242.5478515625,kj500,red,20.776853491405578,126.15948561463478,8000.0,f-35c_8,blue,F-35C,blue,22.206259459757877,128.44134961739584,9803.469375674224,,,,,,,,,
MsgLocalTrackUpdate,2243.5478515625,kj500,red,20.777943273588722,126.15772832962917,8000.0,f-35c_8,blue,F-35C,blue,22.207077394875498,128.43971788602093,9636.4514451266,,,,,,,,,
MsgLocalTrackUpdate,2244.5478515625,kj500,red,20.779090021302579,126.15587912860258,8000.0,f-35c_8,blue,F-35C,blue,22.20789535655399,128.4380860504446,9469.439252844148,,,,,,,,,
MsgLocalTrackUpdate,2245.5478515625,kj500,red,20.780179413105532,126.15412236191494,8000.0,f-35c_8,blue,F-35C,blue,22.208713344791818,128.43645411065953,9302.432799275191,,,,,,,,,
MsgLocalTrackUpdate,2246.5478515625,kj500,red,20.781268786856991,126.15236557017285,8000.0,f-35c_8,blue,F-35C,blue,22.20953135958746,128.4348220666583,9135.432084870037,,,,,,,,,
MsgLocalTrackUpdate,2237.552490234375,kj500,red,20.771349086178862,126.16836069690211,8000.0,f-35c_9,blue,F-35C,blue,20.556190863902916,127.62957818797352,10638.760899688892,,,,,,,,,
MsgLocalTrackUpdate,2238.552490234375,kj500,red,20.772438606205714,126.16660410819331,8000.0,f-35c_9,blue,F-35C,blue,20.55771441998237,127.62935819572374,10471.69871675432,,,,,,,,,
MsgLocalTrackUpdate,2239.552490234375,kj500,red,20.773528108190146,126.16484749443981,8000.0,f-35c_9,blue,F-35C,blue,20.55923805563542,127.62913818761008,10304.641109747214,,,,,,,,,
MsgLocalTrackUpdate,2240.552490234375,kj500,red,20.77467493289106,126.16299840027287,8000.0,f-35c_9,blue,F-35C,blue,20.560761770866026,127.62891816363093,10137.588079028203,,,,,,,,,
MsgLocalTrackUpdate,2241.552490234375,kj500,red,20.77576439783703,126.16124173510762,8000.0,f-35c_9,blue,F-35C,blue,20.56228556567817,127.62869812378453,9970.539624959221,,,,,,,,,
MsgLocalTrackUpdate,2242.552490234375,kj500,red,20.776853491405578,126.15948561463478,8000.0,f-35c_9,blue,F-35C,blue,20.56380944007584,127.6284780680692,9803.495747898582,,,,,,,,,
MsgLocalTrackUpdate,2243.552490234375,kj500,red,20.777943273588722,126.15772832962917,8000.0,f-35c_9,blue,F-35C,blue,20.565333394062993,127.62825799648319,9636.456448205208,,,,,,,,,
MsgLocalTrackUpdate,2244.552490234375,kj500,red,20.779090021302579,126.15587912860258,8000.0,f-35c_9,blue,F-35C,blue,20.566857427643598,127.6280379090248,9469.42172624286,,,,,,,,,
MsgLocalTrackUpdate,2245.552490234375,kj500,red,20.780179413105532,126.15412236191494,8000.0,f-35c_9,blue,F-35C,blue,20.56838154082165,127.62781780569233,9302.391582369553,,,,,,,,,
MsgLocalTrackUpdate,2246.552490234375,kj500,red,20.781268786856991,126.15236557017285,8000.0,f-35c_9,blue,F-35C,blue,20.569905733601114,127.6275976864841,9135.36601694533,,,,,,,,,
MsgLocalTrackUpdate,2237.56201171875,kj500,red,20.771349086178862,126.16836069690211,8000.0,xq-58a_1,blue,XQ-58A,blue,19.082943281668562,125.28369972208206,9638.85422512289,,,,,,,,,
MsgLocalTrackUpdate,2238.56201171875,kj500,red,20.772438606205714,126.16660410819331,8000.0,xq-58a_1,blue,XQ-58A,blue,19.085064640663102,125.28287366704494,9471.862284498093,,,,,,,,,
MsgLocalTrackUpdate,2239.56201171875,kj500,red,20.773528108190146,126.16484749443981,8000.0,xq-58a_1,blue,XQ-58A,blue,19.087186107013846,125.28204754779102,9304.880238502592,,,,,,,,,
MsgLocalTrackUpdate,2240.56201171875,kj500,red,20.77467493289106,126.16299840027287,8000.0,xq-58a_1,blue,XQ-58A,blue,19.089307680721706,125.28122136431311,9137.90808791478,,,,,,,,,
MsgLocalTrackUpdate,2241.56201171875,kj500,red,20.77576439783703,126.16124173510762,8000.0,xq-58a_1,blue,XQ-58A,blue,19.091429361787597,125.2803951166041,8970.945833512109,,,,,,,,,
MsgLocalTrackUpdate,2242.56201171875,kj500,red,20.776853491405578,126.15948561463478,8000.0,xq-58a_1,blue,XQ-58A,blue,19.093551150212416,125.27956880465683,8803.993476072483,,,,,,,,,
MsgLocalTrackUpdate,2243.56201171875,kj500,red,20.778000611449393,126.15763587023712,8000.0,xq-58a_1,blue,XQ-58A,blue,19.09567304599708,125.27874242846416,8637.05101637356,,,,,,,,,
MsgLocalTrackUpdate,2244.56201171875,kj500,red,20.779090021302579,126.15587912860258,8000.0,xq-58a_1,blue,XQ-58A,blue,19.09779504914249,125.2779159880189,8470.118455192762,,,,,,,,,
MsgLocalTrackUpdate,2245.56201171875,kj500,red,20.780179413105532,126.15412236191494,8000.0,xq-58a_1,blue,XQ-58A,blue,19.099917159649547,125.27708948331394,8303.195793309373,,,,,,,,,
MsgLocalTrackUpdate,2246.56201171875,kj500,red,20.781268786856991,126.15236557017285,8000.0,xq-58a_1,blue,XQ-58A,blue,19.102039377519155,125.27626291434214,8136.283031498205,,,,,,,,,
MsgLocalTrackUpdate,2237.56689453125,kj500,red,20.771349086178862,126.16836069690211,8000.0,xq-58a_3,blue,XQ-58A,blue,19.933213036254823,125.5169766188921,9638.819212738992,,,,,,,,,
MsgLocalTrackUpdate,2238.56689453125,kj500,red,20.772438606205714,126.16660410819331,8000.0,xq-58a_3,blue,XQ-58A,blue,19.9351666717678,125.51576178338529,9471.834222970996,,,,,,,,,
MsgLocalTrackUpdate,2239.56689453125,kj500,red,20.773585449900033,126.16475504039059,8000.0,xq-58a_3,blue,XQ-58A,blue,19.937120401258856,125.51454685451203,9304.85915857721,,,,,,,,,
MsgLocalTrackUpdate,2240.56689453125,kj500,red,20.77467493289106,126.16299840027287,8000.0,xq-58a_3,blue,XQ-58A,blue,19.939074224727474,125.51333183226268,9137.89402033563,,,,,,,,,
MsgLocalTrackUpdate,2241.56689453125,kj500,red,20.77576439783703,126.16124173510762,8000.0,xq-58a_3,blue,XQ-58A,blue,19.94102814217311,125.51211671662757,8970.938809025414,,,,,,,,,
MsgLocalTrackUpdate,2242.56689453125,kj500,red,20.776853491405578,126.15948561463478,8000.0,xq-58a_3,blue,XQ-58A,blue,19.94298215359524,125.51090150759698,8803.993525427588,,,,,,,,,
MsgLocalTrackUpdate,2243.56689453125,kj500,red,20.778000611449393,126.15763587023712,8000.0,xq-58a_3,blue,XQ-58A,blue,19.944936258993327,125.50968620516129,8637.058170318,,,,,,,,,
MsgLocalTrackUpdate,2244.56689453125,kj500,red,20.779090021302579,126.15587912860258,8000.0,xq-58a_3,blue,XQ-58A,blue,19.946890458366827,125.5084708093108,8470.132744482118,,,,,,,,,
MsgLocalTrackUpdate,2245.56689453125,kj500,red,20.780179413105532,126.15412236191494,8000.0,xq-58a_3,blue,XQ-58A,blue,19.94884475171522,125.5072553200358,8303.217248693893,,,,,,,,,
MsgLocalTrackUpdate,2246.56689453125,kj500,red,20.781268786856991,126.15236557017285,8000.0,xq-58a_3,blue,XQ-58A,blue,19.95079913903795,125.50603973732669,8136.3116837354855,,,,,,,,,
MsgLocalTrackUpdate,2237.571533203125,kj500,red,20.771349086178862,126.16836069690211,8000.0,xq-58a_5,blue,XQ-58A,blue,20.688352385030587,125.77443121997739,9062.16306645325,,,,,,,,,
MsgLocalTrackUpdate,2238.571533203125,055_1,red,21.047783333333335,125.00977777777778,0.0,xq-58a_5,blue,XQ-58A,blue,20.68978733264251,125.77257214549905,8928.185114493841,95332.667638051047,2.0452017995814291,0.086892721358487995,,,,,,
MsgLocalTrackUpdate,2239.571533203125,kj500,red,20.772438606205714,126.16660410819331,8000.0,xq-58a_5,blue,XQ-58A,blue,20.691222320489356,125.7707129580935,8794.217035091655,,,,,,,,,
MsgLocalTrackUpdate,2240.571533203125,kj500,red,20.773585449900033,126.16475504039059,8000.0,xq-58a_5,blue,XQ-58A,blue,20.692657348566012,125.7688536577543,8660.258828861697,,,,,,,,,
MsgLocalTrackUpdate,2241.571533203125,kj500,red,20.77467493289106,126.16299840027287,8000.0,xq-58a_5,blue,XQ-58A,blue,20.69409241686737,125.76699424447516,8526.310496428705,,,,,,,,,
MsgLocalTrackUpdate,2242.571533203125,kj500,red,20.77576439783703,126.16124173510762,8000.0,xq-58a_5,blue,XQ-58A,blue,20.695527525388325,125.76513471824964,8392.372038414456,,,,,,,,,
MsgLocalTrackUpdate,2243.571533203125,055_1,red,21.047783333333335,125.00977777777778,0.0,xq-58a_5,blue,XQ-58A,blue,20.696962674123775,125.76327507907138,8258.443455437762,94357.990696360474,2.043013097254692,0.08794698841396438,,,,,,
MsgLocalTrackUpdate,2244.571533203125,kj500,red,20.776853491405578,126.15948561463478,8000.0,xq-58a_5,blue,XQ-58A,blue,20.698397863068596,125.76141532693404,8124.52474811871,,,,,,,,,
MsgLocalTrackUpdate,2245.571533203125,kj500,red,20.778000611449393,126.15763587023712,8000.0,xq-58a_5,blue,XQ-58A,blue,20.699833092217677,125.75955546183118,7990.615917080064,,,,,,,,,
MsgLocalTrackUpdate,2246.571533203125,kj500,red,20.779090021302579,126.15587912860258,8000.0,xq-58a_5,blue,XQ-58A,blue,20.70126836156591,125.75769548375649,7856.716962942332,,,,,,,,,
MsgLocalTrackUpdate,2237.576416015625,kj500,red,20.771349086178862,126.16836069690211,8000.0,xq-58a_7,blue,XQ-58A,blue,22.16222159824336,126.48798005307616,9638.762594509084,,,,,,,,,
MsgLocalTrackUpdate,2238.576416015625,kj500,red,20.772438606205714,126.16660410819331,8000.0,xq-58a_7,blue,XQ-58A,blue,22.163409881728217,126.48591581830856,9471.791576387863,,,,,,,,,
MsgLocalTrackUpdate,2239.576416015625,kj500,red,20.773585449900033,126.16475504039059,8000.0,xq-58a_7,blue,XQ-58A,blue,22.164598201357492,126.48385144099137,9304.830406542842,,,,,,,,,
MsgLocalTrackUpdate,2240.576416015625,kj500,red,20.77467493289106,126.16299840027287,8000.0,xq-58a_7,blue,XQ-58A,blue,22.165786557126307,126.4817869211151,9137.87908574665,,,,,,,,,
MsgLocalTrackUpdate,2241.576416015625,kj500,red,20.77576439783703,126.16124173510762,8000.0,xq-58a_7,blue,XQ-58A,blue,22.166974949029754,126.47972225867044,8970.937614768853,,,,,,,,,
MsgLocalTrackUpdate,2242.576416015625,kj500,red,20.776911183547263,126.15939258681992,8000.0,xq-58a_7,blue,XQ-58A,blue,22.168163377062932,126.47765745364791,8804.00599438371,,,,,,,,,
MsgLocalTrackUpdate,2243.576416015625,kj500,red,20.778000611449393,126.15763587023712,8000.0,xq-58a_7,blue,XQ-58A,blue,22.16935184122094,126.47559250603813,8637.084225360304,,,,,,,,,
MsgLocalTrackUpdate,2244.576416015625,kj500,red,20.779090021302579,126.15587912860258,8000.0,xq-58a_7,blue,XQ-58A,blue,22.170540341498885,126.47352741583167,8470.172308471,,,,,,,,,
MsgLocalTrackUpdate,2245.576416015625,kj500,red,20.780179413105532,126.15412236191494,8000.0,xq-58a_7,blue,XQ-58A,blue,22.17172887789185,126.4714621830192,8303.27024449074,,,,,,,,,
MsgLocalTrackUpdate,2246.576416015625,kj500,red,20.781326121817521,126.15227310675554,8000.0,xq-58a_7,blue,XQ-58A,blue,22.172917450394944,126.46939680759121,8136.378034187877,,,,,,,,,
MsgLocalTrackUpdate,2237.5810546875,kj500,red,20.771349086178862,126.16836069690211,8000.0,xq-58a_8,blue,XQ-58A,blue,22.479103901241427,126.69934703096582,9638.754165735245,,,,,,,,,
MsgLocalTrackUpdate,2238.5810546875,kj500,red,20.772495948865242,126.16651165546226,8000.0,xq-58a_8,blue,XQ-58A,blue,22.480183859320686,126.6972112043142,9471.785259240622,,,,,,,,,
MsgLocalTrackUpdate,2239.5810546875,kj500,red,20.773585449900033,126.16475504039059,8000.0,xq-58a_8,blue,XQ-58A,blue,22.481263845718154,126.69507523292525,9304.826193129073,,,,,,,,,
MsgLocalTrackUpdate,2240.5810546875,kj500,red,20.77467493289106,126.16299840027287,8000.0,xq-58a_8,blue,XQ-58A,blue,22.48234386042853,126.6929391167902,9137.876968172806,,,,,,,,,
MsgLocalTrackUpdate,2241.5810546875,kj500,red,20.77576439783703,126.16124173510762,8000.0,xq-58a_8,blue,XQ-58A,blue,22.483423903446518,126.69080285590026,8970.937585142377,,,,,,,,,
MsgLocalTrackUpdate,2242.5810546875,kj500,red,20.776911183547263,126.15939258681992,8000.0,xq-58a_8,blue,XQ-58A,blue,22.484503974766827,126.68866645024667,8804.008044809503,,,,,,,,,
MsgLocalTrackUpdate,2243.5810546875,kj500,red,20.778000611449393,126.15763587023712,8000.0,xq-58a_8,blue,XQ-58A,blue,22.485584074384153,126.68652989982067,8637.088347944253,,,,,,,,,
MsgLocalTrackUpdate,2244.5810546875,kj500,red,20.779090021302579,126.15587912860258,8000.0,xq-58a_8,blue,XQ-58A,blue,22.486664202293206,126.68439320461346,8470.178495319977,,,,,,,,,
MsgLocalTrackUpdate,2245.5810546875,kj500,red,20.780179413105532,126.15412236191494,8000.0,xq-58a_8,blue,XQ-58A,blue,22.48774435848867,126.68225636461626,8303.27848770485,,,,,,,,,
MsgLocalTrackUpdate,2246.5810546875,kj500,red,20.781326121817521,126.15227310675554,8000.0,xq-58a_8,blue,XQ-58A,blue,22.488824542965236,126.68011937982031,8136.388325872445,,,,,,,,,
MsgLocalTrackUpdate,2237.5859375,kj500,red,20.771349086178862,126.16836069690211,8000.0,xq-58a_11,blue,XQ-58A,blue,19.151424165936184,125.74462926529262,9638.837608184016,,,,,,,,,
MsgLocalTrackUpdate,2238.5859375,kj500,red,20.772495948865242,126.16651165546226,8000.0,xq-58a_11,blue,XQ-58A,blue,19.153623856946002,125.74407084224559,9471.84762778382,,,,,,,,,
MsgLocalTrackUpdate,2239.5859375,kj500,red,20.773585449900033,126.16475504039059,8000.0,xq-58a_11,blue,XQ-58A,blue,19.155823661395964,125.74351237520521,9304.867552463471,,,,,,,,,
MsgLocalTrackUpdate,2240.5859375,kj500,red,20.77467493289106,126.16299840027287,8000.0,xq-58a_11,blue,XQ-58A,blue,19.158023579287644,125.74295386416637,9137.897383002093,,,,,,,,,
MsgLocalTrackUpdate,2241.5859375,kj500,red,20.77576439783703,126.16124173510762,8000.0,xq-58a_11,blue,XQ-58A,blue,19.160223610622594,125.74239530912394,8970.937120179267,,,,,,,,,
MsgLocalTrackUpdate,2242.5859375,kj500,red,20.776911183547263,126.15939258681992,8000.0,xq-58a_11,blue,XQ-58A,blue,19.16242375540239,125.74183671007287,8803.986764773621,,,,,,,,,
MsgLocalTrackUpdate,2243.5859375,kj500,red,20.778000611449393,126.15763587023712,8000.0,xq-58a_11,blue,XQ-58A,blue,19.16462401362859,125.74127806700805,8637.046317560016,,,,,,,,,
MsgLocalTrackUpdate,2244.5859375,kj500,red,20.779090021302579,126.15587912860258,8000.0,xq-58a_11,blue,XQ-58A,blue,19.166824385302753,125.74071937992439,8470.115779323642,,,,,,,,,
MsgLocalTrackUpdate,2245.5859375,kj500,red,20.780236749016183,126.15402989981632,8000.0,xq-58a_11,blue,XQ-58A,blue,19.169024870426437,125.74016064881681,8303.195150836045,,,,,,,,,
MsgLocalTrackUpdate,2246.5859375,kj500,red,20.781326121817521,126.15227310675554,8000.0,xq-58a_11,blue,XQ-58A,blue,19.17122546900121,125.73960187368017,8136.284432882635,,,,,,,,,
MsgLocalTrackUpdate,2237.590576171875,kj500,red,20.771349086178862,126.16836069690211,8000.0,xq-58a_12,blue,XQ-58A,blue,19.473731971434294,125.7154945486137,9638.829898154845,,,,,,,,,
MsgLocalTrackUpdate,2238.590576171875,kj500,red,20.772495948865242,126.16651165546226,8000.0,xq-58a_12,blue,XQ-58A,blue,19.47579582164338,125.71451748489629,9471.841796092385,,,,,,,,,
MsgLocalTrackUpdate,2239.590576171875,kj500,red,20.773585449900033,126.16475504039059,8000.0,xq-58a_12,blue,XQ-58A,blue,19.477859774629067,125.71354034536299,9304.863588738941,,,,,,,,,
MsgLocalTrackUpdate,2240.590576171875,kj500,red,20.77467493289106,126.16299840027287,8000.0,xq-58a_12,blue,XQ-58A,blue,19.479923830391765,125.71256313000555,9137.895276874613,,,,,,,,,
MsgLocalTrackUpdate,2241.590576171875,kj500,red,20.775821737597461,126.16114927835243,8000.0,xq-58a_12,blue,XQ-58A,blue,19.481987988931895,125.71158583881578,8970.936861277856,,,,,,,,,
MsgLocalTrackUpdate,2242.590576171875,kj500,red,20.776911183547263,126.15939258681992,8000.0,xq-58a_12,blue,XQ-58A,blue,19.48405225024986,125.71060847178535,8803.988342723349,,,,,,,,,
MsgLocalTrackUpdate,2243.590576171875,kj500,red,20.778000611449393,126.15763587023712,8000.0,xq-58a_12,blue,XQ-58A,blue,19.486116614346074,125.709631028906,8637.04972199187,,,,,,,,,
MsgLocalTrackUpdate,2244.590576171875,kj500,red,20.779090021302579,126.15587912860258,8000.0,xq-58a_12,blue,XQ-58A,blue,19.488181081220944,125.70865351016953,8470.120999857614,,,,,,,,,
MsgLocalTrackUpdate,2245.590576171875,kj500,red,20.780236749016183,126.15402989981632,8000.0,xq-58a_12,blue,XQ-58A,blue,19.49024565087487,125.70767591556763,8303.202177098052,,,,,,,,,
MsgLocalTrackUpdate,2246.590576171875,kj500,red,20.781326121817521,126.15227310675554,8000.0,xq-58a_12,blue,XQ-58A,blue,19.492310323308256,125.70669824509206,8136.293254495343,,,,,,,,,
MsgLocalTrackUpdate,2225.58984375,kj500,red,20.771406429787966,126.16826824548916,8000.0,xq-58a_13,blue,XQ-58A,blue,20.011147245993637,126.04077666458818,13237.464269742723,,,,,,,,,
MsgLocalTrackUpdate,2226.58984375,kj500,red,20.772495948865242,126.16651165546226,8000.0,xq-58a_13,blue,XQ-58A,blue,20.01322219263587,126.0398596366601,13584.742794144691,,,,,,,,,
MsgLocalTrackUpdate,2227.58984375,kj500,red,20.773585449900033,126.16475504039059,8000.0,xq-58a_13,blue,XQ-58A,blue,20.0152969073447,126.0389426842908,13932.03110035007,,,,,,,,,
MsgLocalTrackUpdate,2228.58984375,kj500,red,20.77467493289106,126.16299840027287,8000.0,xq-58a_13,blue,XQ-58A,blue,20.017371390151983,126.03802580747148,14279.329186760277,,,,,,,,,
MsgLocalTrackUpdate,2229.58984375,kj500,red,20.775821737597461,126.16114927835243,8000.0,xq-58a_13,blue,XQ-58A,blue,20.019445641089582,126.03710900619326,14626.637051766547,,,,,,,,,
MsgLocalTrackUpdate,2230.58984375,kj500,red,20.776911183547263,126.15939258681992,8000.0,xq-58a_13,blue,XQ-58A,blue,20.021519660189348,126.03619228044724,14973.954693766178,,,,,,,,,
MsgLocalTrackUpdate,2231.58984375,kj500,red,20.778000611449393,126.15763587023712,8000.0,xq-58a_13,blue,XQ-58A,blue,20.02359344748312,126.03527563022459,15321.28211115898,,,,,,,,,
MsgLocalTrackUpdate,2232.58984375,kj500,red,20.779090021302579,126.15587912860258,8000.0,xq-58a_13,blue,XQ-58A,blue,20.025667003002756,126.03435905551643,15668.619302338835,,,,,,,,,
MsgLocalTrackUpdate,2233.58984375,kj500,red,20.780236749016183,126.15402989981632,8000.0,xq-58a_13,blue,XQ-58A,blue,20.02774032678008,126.03344255631391,16015.966265704255,,,,,,,,,
MsgLocalTrackUpdate,2234.58984375,kj500,red,20.781326121817521,126.15227310675554,8000.0,xq-58a_13,blue,XQ-58A,blue,20.029813418846935,126.03252613260817,16363.322999656286,,,,,,,,,
MsgLocalTrackUpdate,2225.5947265625,kj500,red,20.771406429787966,126.16826824548916,8000.0,xq-58a_14,blue,XQ-58A,blue,20.44487962212304,126.08199681192174,13237.394495344177,,,,,,,,,
MsgLocalTrackUpdate,2226.5947265625,kj500,red,20.772495948865242,126.16651165546226,8000.0,xq-58a_14,blue,XQ-58A,blue,20.446698142741454,126.08059244356056,13584.667280670536,,,,,,,,,
MsgLocalTrackUpdate,2227.5947265625,kj500,red,20.773585449900033,126.16475504039059,8000.0,xq-58a_14,blue,XQ-58A,blue,20.448516452976012,126.07918819469656,13931.949841508673,,,,,,,,,
MsgLocalTrackUpdate,2228.5947265625,kj500,red,20.77467493289106,126.16299840027287,8000.0,xq-58a_14,blue,XQ-58A,blue,20.45033455285617,126.07778406531614,14279.242176255539,,,,,,,,,
MsgLocalTrackUpdate,2229.5947265625,kj500,red,20.775821737597461,126.16114927835243,8000.0,xq-58a_14,blue,XQ-58A,blue,20.452152442411396,126.07638005540578,14626.544283312702,,,,,,,,,
MsgLocalTrackUpdate,2230.5947265625,kj500,red,20.776911183547263,126.15939258681992,8000.0,xq-58a_14,blue,XQ-58A,blue,20.453970121671162,126.07497616495192,14973.856161079342,,,,,,,,,
MsgLocalTrackUpdate,2231.5947265625,kj500,red,20.778000611449393,126.15763587023712,8000.0,xq-58a_14,blue,XQ-58A,blue,20.45578759066492,126.07357239394098,15321.17780795363,,,,,,,,,
MsgLocalTrackUpdate,2232.5947265625,kj500,red,20.779147358163275,126.15578666782257,8000.0,xq-58a_14,blue,XQ-58A,blue,20.457604849422115,126.07216874235942,15668.509222340499,,,,,,,,,
MsgLocalTrackUpdate,2233.5947265625,kj500,red,20.780236749016183,126.15402989981632,8000.0,xq-58a_14,blue,XQ-58A,blue,20.45942189797221,126.07076521019368,16015.850402636113,,,,,,,,,
MsgLocalTrackUpdate,2234.5947265625,kj500,red,20.781326121817521,126.15227310675554,8000.0,xq-58a_14,blue,XQ-58A,blue,20.46123873634464,126.0693617974302,16363.201347244823,,,,,,,,,
MsgLocalTrackUpdate,2225.599365234375,kj500,red,20.771406429787966,126.16826824548916,8000.0,xq-58a_17,blue,XQ-58A,blue,22.093775774105836,126.87819412615355,13237.118443977766,,,,,,,,,
MsgLocalTrackUpdate,2226.599365234375,kj500,red,20.772495948865242,126.16651165546226,8000.0,xq-58a_17,blue,XQ-58A,blue,22.094925152401373,126.87611682785392,13584.368618354187,,,,,,,,,
MsgLocalTrackUpdate,2227.599365234375,kj500,red,20.773585449900033,126.16475504039059,8000.0,xq-58a_17,blue,XQ-58A,blue,22.096074378602893,126.87403972151508,13931.628566655581,,,,,,,,,
MsgLocalTrackUpdate,2228.599365234375,kj500,red,20.774732273601263,126.16290594483601,8000.0,xq-58a_17,blue,XQ-58A,blue,22.097223452734212,126.87196280711589,14278.898287286753,,,,,,,,,
MsgLocalTrackUpdate,2229.599365234375,kj500,red,20.775821737597461,126.16114927835243,8000.0,xq-58a_17,blue,XQ-58A,blue,22.098372374819117,126.86988608463523,14626.1777786501,,,,,,,,,
MsgLocalTrackUpdate,2230.599365234375,kj500,red,20.776911183547263,126.15939258681992,8000.0,xq-58a_17,blue,XQ-58A,blue,22.099521144881386,126.86780955405192,14973.467039153375,,,,,,,,,
MsgLocalTrackUpdate,2231.599365234375,kj500,red,20.778000611449393,126.15763587023712,8000.0,xq-58a_17,blue,XQ-58A,blue,22.10066976294481,126.86573321534482,15320.766067199089,,,,,,,,,
MsgLocalTrackUpdate,2232.599365234375,kj500,red,20.779147358163275,126.15578666782257,8000.0,xq-58a_17,blue,XQ-58A,blue,22.10181822903318,126.86365706849278,15668.074861194415,,,,,,,,,
MsgLocalTrackUpdate,2233.599365234375,kj500,red,20.780236749016183,126.15402989981632,8000.0,xq-58a_17,blue,XQ-58A,blue,22.102966543170265,126.86158111347473,16015.393419542697,,,,,,,,,
MsgLocalTrackUpdate,2234.599365234375,kj500,red,20.781326121817521,126.15227310675554,8000.0,xq-58a_17,blue,XQ-58A,blue,22.104114705379846,126.85950535026942,16362.721740651932,,,,,,,,,
MsgLocalTrackUpdate,2225.6181640625,kj500,red,20.771406429787966,126.16826824548916,8000.0,f-35c_8_LRSAM_1,blue,CLIENT_AGM,blue,21.761315586592705,125.07098576358989,2703.7553600379115,,,,,,,,,
MsgLocalTrackUpdate,2226.6181640625,054A_2,red,21.585680555555555,125.03614444444445,0.0,f-35c_8_LRSAM_1,blue,CLIENT_AGM,blue,21.760936068791462,125.06797029205758,2462.0689277244346,21629.407933763185,0.35625461541402137,0.13652719844703815,,,,,,
MsgLocalTrackUpdate,2227.6181640625,052D_2,red,21.277241666666665,124.58474999999999,0.0,f-35c_8_LRSAM_1,blue,CLIENT_AGM,blue,21.760556467103363,125.06495460804408,2220.398026328704,76740.843081660365,0.78361657164865928,0.032816142025475878,,,,,,
MsgLocalTrackUpdate,2228.6181640625,kj500,red,20.772495948865242,126.16651165546226,8000.0,f-35c_8_LRSAM_1,blue,CLIENT_AGM,blue,21.76017678151578,125.06193871154363,1978.7426576162559,,,,,,,,,
MsgLocalTrackUpdate,2229.6181640625,052D_1,red,21.736599999999999,124.87254722222221,0.0,f-35c_8_LRSAM_1,blue,CLIENT_AGM,blue,21.759797012016083,125.05892260255048,1737.1028233490065,24619.48102182884,1.4331131658003866,0.11942477802620739,,,,,,
MsgLocalTrackUpdate,2230.6181640625,055_1,red,21.047783333333335,125.00977777777778,0.0,f-35c_8_LRSAM_1,blue,CLIENT_AGM,blue,21.75941715859162,125.05590628105892,1495.4785252951147,80300.491880957663,0.12481170935275156,0.030795901317970248,,,,,,
MsgLocalTrackUpdate,2231.6181640625,054A_1,red,21.230644444444444,124.82280555555555,0.0,f-35c_8_LRSAM_1,blue,CLIENT_AGM,blue,21.759037221229768,125.05288974706319,1253.8697652198257,66253.16172208717,0.45748232490640423,0.039783963184553225,,,,,,
MsgLocalTrackUpdate,2232.6181640625,kj500,red,20.773642791559947,126.164662586272,8000.0,f-35c_8_LRSAM_1,blue,CLIENT_AGM,blue,21.758657199917884,125.04987300055755,1012.276544887584,,,,,,,,,
MsgLocalTrackUpdate,2233.6181640625,kj500,red,20.774732273601263,126.16290594483601,8000.0,f-35c_8_LRSAM_1,blue,CLIENT_AGM,blue,21.758277094643336,125.0468560415363,770.6988660641457,,,,,,,,,
MsgLocalTrackUpdate,2234.6181640625,kj500,red,20.775821737597461,126.16114927835243,8000.0,f-35c_8_LRSAM_1,blue,CLIENT_AGM,blue,21.75789690539349,125.0438388699937,529.1367305172814,,,,,,,,,
MsgLocalTrackUpdate,2225.623046875,kj500,red,20.771406429787966,126.16826824548916,8000.0,f-35c_8_LRSAM_3,blue,CLIENT_AGM,blue,21.75757390922875,125.08526512499701,2751.158914963544,,,,,,,,,
MsgLocalTrackUpdate,2226.623046875,052D_1,red,21.736599999999999,124.87254722222221,0.0,f-35c_8_LRSAM_3,blue,CLIENT_AGM,blue,21.75727320227233,125.08225553661073,2531.064049663405,26243.04710356037,1.460696854920069,0.11175647709741099,,,,,,
MsgLocalTrackUpdate,2227.623046875,054A_2,red,21.585680555555555,125.03614444444445,0.0,f-35c_8_LRSAM_3,blue,CLIENT_AGM,blue,21.756972419706134,125.07924575323176,2310.9845530233615,21722.642774344578,0.42996672173702083,0.13592337654124625,,,,,,
MsgLocalTrackUpdate,2228.623046875,kj500,red,20.772495948865242,126.16651165546226,8000.0,f-35c_8_LRSAM_3,blue,CLIENT_AGM,blue,21.756671561519127,125.07623577485772,2090.9204266324623,,,,,,,,,
MsgLocalTrackUpdate,2229.623046875,055_1,red,21.047783333333335,125.00977777777778,0.0,f-35c_8_LRSAM_3,blue,CLIENT_AGM,blue,21.756370627700303,125.07322560148629,1870.8716720847235,79988.366418804799,0.14397553097961074,0.030965487847926923,,,,,,
MsgLocalTrackUpdate,2230.623046875,052D_2,red,21.277241666666665,124.58474999999999,0.0,f-35c_8_LRSAM_3,blue,CLIENT_AGM,blue,21.75606961823864,125.07021523311514,1650.8382909664595,77251.549272099321,0.80005935968521491,0.03251970608686474,,,,,,
MsgLocalTrackUpdate,2231.623046875,054A_1,red,21.230644444444444,124.82280555555555,0.0,f-35c_8_LRSAM_3,blue,CLIENT_AGM,blue,21.755768533123124,125.06720466974197,1430.8202848724723,66463.790012407437,0.48081204938853833,0.039625594455740834,,,,,,
MsgLocalTrackUpdate,2232.623046875,kj500,red,20.773642791559947,126.164662586272,8000.0,f-35c_8_LRSAM_3,blue,CLIENT_AGM,blue,21.75546737234273,125.06419391136438,1210.8176553898616,,,,,,,,,
MsgLocalTrackUpdate,2233.623046875,kj500,red,20.774732273601263,126.16290594483601,8000.0,f-35c_8_LRSAM_3,blue,CLIENT_AGM,blue,21.755166135886437,125.06118295798014,990.8304041142144,,,,,,,,,
MsgLocalTrackUpdate,2234.623046875,kj500,red,20.775821737597461,126.16114927835243,8000.0,f-35c_8_LRSAM_3,blue,CLIENT_AGM,blue,21.754864823743233,125.05817180958687,770.8585326306004,,,,,,,,,
MsgLocalTrackUpdate,2237.306640625,kj500,red,20.771806785298001,126.16762277387089,8000.0,f-35c_4_LRSAM_2,blue,CLIENT_AGM,blue,20.45944534907906,125.04852054388043,2631.2567867058524,,,,,,,,,
MsgLocalTrackUpdate,2238.306640625,kj500,red,20.772897346082519,126.16586448440235,8000.0,f-35c_4_LRSAM_2,blue,CLIENT_AGM,blue,20.46225567929552,125.0483349119658,2488.611175412953,,,,,,,,,
MsgLocalTrackUpdate,2239.306640625,kj500,red,20.774044181779782,126.16401540549909,8000.0,f-35c_4_LRSAM_2,blue,CLIENT_AGM,blue,20.465066134755634,125.04814926499874,2345.980891718581,,,,,,,,,
MsgLocalTrackUpdate,2240.306640625,055_1,red,21.047783333333335,125.00977777777778,0.0,f-35c_4_LRSAM_2,blue,CLIENT_AGM,blue,20.467876715453983,125.04796360297742,2203.3659366529123,72011.09463511745,3.0794854813606247,0.035723905391628986,,,,,,
MsgLocalTrackUpdate,2241.306640625,kj500,red,20.77513365717304,126.16225875483521,8000.0,f-35c_4_LRSAM_2,blue,CLIENT_AGM,blue,20.470687421385165,125.0477779259,2060.7663112395844,,,,,,,,,
MsgLocalTrackUpdate,2242.306640625,054A_1,red,21.230644444444444,124.82280555555555,0.0,f-35c_4_LRSAM_2,blue,CLIENT_AGM,blue,20.47349825254377,125.04759223376466,1918.1820165147058,94941.530361513738,2.8862023171748854,0.023917075881786619,,,,,,
MsgLocalTrackUpdate,2243.306640625,kj500,red,20.776223114520718,126.16050207912323,8000.0,f-35c_4_LRSAM_2,blue,CLIENT_AGM,blue,20.47630920892439,125.04740652656962,1775.6130535029206,,,,,,,,,
MsgLocalTrackUpdate,2244.306640625,kj500,red,20.777312553821524,126.15874537836183,8000.0,f-35c_4_LRSAM_2,blue,CLIENT_AGM,blue,20.479120290521603,125.04722080431297,1633.0594232314868,,,,,,,,,
MsgLocalTrackUpdate,2245.306640625,kj500,red,20.778459312534892,126.15689619260236,8000.0,f-35c_4_LRSAM_2,blue,CLIENT_AGM,blue,20.481931497329988,125.04703506699293,1490.521126729574,,,,,,,,,
MsgLocalTrackUpdate,2246.306640625,055_1,red,21.047783333333335,125.00977777777778,0.0,f-35c_4_LRSAM_2,blue,CLIENT_AGM,blue,20.48474282934412,125.04684931460766,1347.9981650268546,70767.373778650726,3.0794923086980122,0.036549933497169347,,,,,,
MsgLocalTrackUpdate,2237.326171875,kj500,red,20.771806785298001,126.16762277387089,8000.0,f-35c_4_LRSAM_3,blue,CLIENT_AGM,blue,20.456853772288465,125.05795625999734,2794.8605782431887,,,,,,,,,
MsgLocalTrackUpdate,2238.326171875,kj500,red,20.772897346082519,126.16586448440235,8000.0,f-35c_4_LRSAM_3,blue,CLIENT_AGM,blue,20.459654937347583,125.05772679076637,2643.9655175765224,,,,,,,,,
MsgLocalTrackUpdate,2239.326171875,kj500,red,20.774044181779782,126.16401540549909,8000.0,f-35c_4_LRSAM_3,blue,CLIENT_AGM,blue,20.46245623441962,125.05749730236379,2493.08571656525,,,,,,,,,
MsgLocalTrackUpdate,2240.326171875,055_1,red,21.047783333333335,125.00977777777778,0.0,f-35c_4_LRSAM_3,blue,CLIENT_AGM,blue,20.465257663500207,125.05726779478717,2342.2211762949155,72313.086351742517,3.0647414324812652,0.035527297853906709,,,,,,
MsgLocalTrackUpdate,2241.326171875,kj500,red,20.77513365717304,126.16225875483521,8000.0,f-35c_4_LRSAM_3,blue,CLIENT_AGM,blue,20.468059224584984,125.05703826803418,2191.3718978437732,,,,,,,,,
MsgLocalTrackUpdate,2242.326171875,054A_1,red,21.230644444444444,124.82280555555555,0.0,f-35c_4_LRSAM_3,blue,CLIENT_AGM,blue,20.470860917669587,125.05680872210235,2040.5378822996895,95478.913495048342,2.8759456573990474,0.023698059250945605,,,,,,
MsgLocalTrackUpdate,2243.326171875,kj500,red,20.776223114520718,126.16050207912323,8000.0,f-35c_4_LRSAM_3,blue,CLIENT_AGM,blue,20.47366274274963,125.05657915698932,1889.7191307460587,,,,,,,,,
MsgLocalTrackUpdate,2244.326171875,kj500,red,20.777369191324777,126.15865404995256,8000.0,f-35c_4_LRSAM_3,blue,CLIENT_AGM,blue,20.476464699820763,125.05634957269271,1738.9156442639182,,,,,,,,,
MsgLocalTrackUpdate,2245.326171875,kj500,red,20.778459312534892,126.15689619260236,8000.0,f-35c_4_LRSAM_3,blue,CLIENT_AGM,blue,20.47926678887859,125.0561199692101,1588.1274239396892,,,,,,,,,
MsgLocalTrackUpdate,2246.326171875,055_1,red,21.047783333333335,125.00977777777778,0.0,f-35c_4_LRSAM_3,blue,CLIENT_AGM,blue,20.482069009918735,125.0558903465391,1437.3544708560278,71069.349641824272,3.0647498329805769,0.03634721125504102,,,,,,
MsgLocalTrackUpdate,2237.345947265625,kj500,red,20.771806785298001,126.16762277387089,8000.0,f-35c_4_LRSAM_4,blue,CLIENT_AGM,blue,20.450835436680443,125.06793872158674,2792.2533462023403,,,,,,,,,
MsgLocalTrackUpdate,2238.345947265625,kj500,red,20.77295468834221,126.16577203111628,8000.0,f-35c_4_LRSAM_4,blue,CLIENT_AGM,blue,20.453636097850556,125.06766501986985,2641.234091578783,,,,,,,,,
MsgLocalTrackUpdate,2239.345947265625,kj500,red,20.774044181779782,126.16401540549909,8000.0,f-35c_4_LRSAM_4,blue,CLIENT_AGM,blue,20.45643689099204,125.06739129528017,2490.2301291388812,,,,,,,,,
MsgLocalTrackUpdate,2240.345947265625,055_1,red,21.047783333333335,125.00977777777778,0.0,f-35c_4_LRSAM_4,blue,CLIENT_AGM,blue,20.459237816100487,125.0671175478148,2339.24145997004,73073.753951008213,3.0498386403892419,0.035038044780717384,,,,,,
MsgLocalTrackUpdate,2241.345947265625,kj500,red,20.77513365717304,126.16225875483521,8000.0,f-35c_4_LRSAM_4,blue,CLIENT_AGM,blue,20.462038873171473,125.06684377747091,2188.2680851587124,,,,,,,,,
MsgLocalTrackUpdate,2242.345947265625,054A_1,red,21.230644444444444,124.82280555555555,0.0,f-35c_4_LRSAM_4,blue,CLIENT_AGM,blue,20.464840062200576,125.06656998424562,2037.310005792515,96425.324661636041,2.8663406115347616,0.023317197339557616,,,,,,
MsgLocalTrackUpdate,2243.345947265625,kj500,red,20.776223114520718,126.16050207912323,8000.0,f-35c_4_LRSAM_4,blue,CLIENT_AGM,blue,20.46764138318337,125.06629616813608,1886.3672229559972,,,,,,,,,
MsgLocalTrackUpdate,2244.345947265625,kj500,red,20.777369191324777,126.15865404995256,8000.0,f-35c_4_LRSAM_4,blue,CLIENT_AGM,blue,20.47044283611544,125.06602232913944,1735.4397377362795,,,,,,,,,
MsgLocalTrackUpdate,2245.345947265625,kj500,red,20.778459312534892,126.15689619260236,8000.0,f-35c_4_LRSAM_4,blue,CLIENT_AGM,blue,20.473244420992337,125.06574846725286,1584.5275512244582,,,,,,,,,
MsgLocalTrackUpdate,2246.345947265625,055_1,red,21.047783333333335,125.00977777777778,0.0,f-35c_4_LRSAM_4,blue,CLIENT_AGM,blue,20.476046137809636,125.06547458247346,1433.6306644987117,71829.987001284069,3.0498485481578301,0.035842884160251019,,,,,,
MsgLocalTrackUpdate,2224.99560546875,kj500,red,20.771806785298001,126.16762277387089,8000.0,f-35c_10_LRSAM_2,blue,CLIENT_AGM,blue,21.87562132022072,125.95029236746015,9197.084854651834,,,,,,,,,
MsgLocalTrackUpdate,2225.99560546875,kj500,red,20.77295468834221,126.16577203111628,8000.0,f-35c_10_LRSAM_2,blue,CLIENT_AGM,blue,21.87470862802489,125.94743110463561,10037.441615451591,,,,,,,,,
MsgLocalTrackUpdate,2226.99560546875,kj500,red,20.774044181779782,126.16401540549909,8000.0,f-35c_10_LRSAM_2,blue,CLIENT_AGM,blue,21.87379612743083,125.94457063054223,10877.813710916214,,,,,,,,,
MsgLocalTrackUpdate,2227.99560546875,kj500,red,20.77513365717304,126.16225875483521,8000.0,f-35c_10_LRSAM_2,blue,CLIENT_AGM,blue,21.87288381838951,125.94171094486813,11718.201134993598,,,,,,,,,
MsgLocalTrackUpdate,2228.99560546875,kj500,red,20.776223114520718,126.16050207912323,8000.0,f-35c_10_LRSAM_2,blue,CLIENT_AGM,blue,21.87197170085192,125.93885204730167,12558.60388163847,,,,,,,,,
MsgLocalTrackUpdate,2229.99560546875,kj500,red,20.777369191324777,126.15865404995256,8000.0,f-35c_10_LRSAM_2,blue,CLIENT_AGM,blue,21.871059774769037,125.93599393753131,13399.02194480675,,,,,,,,,
MsgLocalTrackUpdate,2230.99560546875,kj500,red,20.778459312534892,126.15689619260236,8000.0,f-35c_10_LRSAM_2,blue,CLIENT_AGM,blue,21.870148040091866,125.93313661524567,14239.455318458342,,,,,,,,,
MsgLocalTrackUpdate,2231.99560546875,kj500,red,20.779548714788131,126.15513944041932,8000.0,f-35c_10_LRSAM_2,blue,CLIENT_AGM,blue,21.869236496771418,125.93028008013358,15079.903996557141,,,,,,,,,
MsgLocalTrackUpdate,2232.99560546875,kj500,red,20.780695434501222,126.15329020052876,8000.0,f-35c_10_LRSAM_2,blue,CLIENT_AGM,blue,21.868325144758703,125.92742433188396,15920.367973067472,,,,,,,,,
MsgLocalTrackUpdate,2233.99560546875,kj500,red,20.781784799701519,126.15153339691828,8000.0,f-35c_10_LRSAM_2,blue,CLIENT_AGM,blue,21.867413984004752,125.92456937018594,16760.847241959735,,,,,,,,,
MsgLocalTrackUpdate,2225.000244140625,kj500,red,20.771806785298001,126.16762277387089,8000.0,f-35c_10_LRSAM_3,blue,CLIENT_AGM,blue,21.87329043586168,125.9605792436937,9197.106833334374,,,,,,,,,
MsgLocalTrackUpdate,2226.000244140625,kj500,red,20.77295468834221,126.16577203111628,8000.0,f-35c_10_LRSAM_3,blue,CLIENT_AGM,blue,21.872393323280996,125.95771244543046,10037.46367213088,,,,,,,,,
MsgLocalTrackUpdate,2227.000244140625,kj500,red,20.774044181779782,126.16401540549909,8000.0,f-35c_10_LRSAM_3,blue,CLIENT_AGM,blue,21.871496397997223,125.95484643679809,10877.835844609623,,,,,,,,,
MsgLocalTrackUpdate,2228.000244140625,kj500,red,20.77513365717304,126.16225875483521,8000.0,f-35c_10_LRSAM_3,blue,CLIENT_AGM,blue,21.870599659963,125.95198121748473,11718.223344719845,,,,,,,,,
MsgLocalTrackUpdate,2229.000244140625,kj500,red,20.776280453881217,126.16040962181295,8000.0,f-35c_10_LRSAM_3,blue,CLIENT_AGM,blue,21.869703109130963,125.9491167871786,12558.626166419048,,,,,,,,,
MsgLocalTrackUpdate,2230.000244140625,kj500,red,20.777369191324777,126.15865404995256,8000.0,f-35c_10_LRSAM_3,blue,CLIENT_AGM,blue,21.86880674545377,125.94625314556824,13399.044303662378,,,,,,,,,
MsgLocalTrackUpdate,2231.000244140625,kj500,red,20.778459312534892,126.15689619260236,8000.0,f-35c_10_LRSAM_3,blue,CLIENT_AGM,blue,21.86791056888409,125.94339029234219,14239.47775041041,,,,,,,,,
MsgLocalTrackUpdate,2232.000244140625,kj500,red,20.779548714788131,126.15513944041932,8000.0,f-35c_10_LRSAM_3,blue,CLIENT_AGM,blue,21.867014579374587,125.94052822718922,15079.926500624852,,,,,,,,,
MsgLocalTrackUpdate,2233.000244140625,kj500,red,20.780695434501222,126.15329020052876,8000.0,f-35c_10_LRSAM_3,blue,CLIENT_AGM,blue,21.866118776877933,125.93766694979827,15920.390548272817,,,,,,,,,
MsgLocalTrackUpdate,2234.000244140625,kj500,red,20.781784799701519,126.15153339691828,8000.0,f-35c_10_LRSAM_3,blue,CLIENT_AGM,blue,21.865223161346822,125.9348064598584,16760.86988732607,,,,,,,,,
MsgLocalTrackUpdate,2225.005126953125,kj500,red,20.77186517686161,126.16752863168817,8000.0,f-35c_10_LRSAM_4,blue,CLIENT_AGM,blue,21.871531115933458,125.97352492105975,9197.120238123165,,,,,,,,,
MsgLocalTrackUpdate,2226.005126953125,kj500,red,20.77295468834221,126.16577203111628,8000.0,f-35c_10_LRSAM_4,blue,CLIENT_AGM,blue,21.87065001713929,125.97065253197768,10037.477134363904,,,,,,,,,
MsgLocalTrackUpdate,2227.005126953125,kj500,red,20.774044181779782,126.16401540549909,8000.0,f-35c_10_LRSAM_4,blue,CLIENT_AGM,blue,21.869769101219052,125.96778093342273,10877.849363292478,,,,,,,,,
MsgLocalTrackUpdate,2228.005126953125,kj500,red,20.77513365717304,126.16225875483521,8000.0,f-35c_10_LRSAM_4,blue,CLIENT_AGM,blue,21.868888368127088,125.96491012508308,11718.236918860153,,,,,,,,,
MsgLocalTrackUpdate,2229.005126953125,kj500,red,20.776280453881217,126.16040962181295,8000.0,f-35c_10_LRSAM_4,blue,CLIENT_AGM,blue,21.868007817817738,125.96204010664692,12558.639795021518,,,,,,,,,
MsgLocalTrackUpdate,2230.005126953125,kj500,red,20.777369191324777,126.15865404995256,8000.0,f-35c_10_LRSAM_4,blue,CLIENT_AGM,blue,21.867127450245384,125.95917087780273,13399.057985735864,,,,,,,,,
MsgLocalTrackUpdate,2231.005126953125,kj500,red,20.778459312534892,126.15689619260236,8000.0,f-35c_10_LRSAM_4,blue,CLIENT_AGM,blue,21.866247265364386,125.95630243823912,14239.491484963677,,,,,,,,,
MsgLocalTrackUpdate,2232.005126953125,kj500,red,20.779548714788131,126.15513944041932,8000.0,f-35c_10_LRSAM_4,blue,CLIENT_AGM,blue,21.86536726312911,125.95343478764477,15079.940286668707,,,,,,,,,
MsgLocalTrackUpdate,2233.005126953125,kj500,red,20.780695434501222,126.15329020052876,8000.0,f-35c_10_LRSAM_4,blue,CLIENT_AGM,blue,21.86448744349395,125.95056792570861,15920.40438481586,,,,,,,,,
MsgLocalTrackUpdate,2234.005126953125,kj500,red,20.781784799701519,126.15153339691828,8000.0,f-35c_10_LRSAM_4,blue,CLIENT_AGM,blue,21.86360780641329,125.94770185211968,16760.88377337542,,,,,,,,,
MsgLocalTrackUpdate,2225.009765625,kj500,red,20.77186517686161,126.16752863168817,8000.0,f-35c_10_LRSAM_5,blue,CLIENT_AGM,blue,21.870767129046943,125.98862871114228,9197.115634226087,,,,,,,,,
MsgLocalTrackUpdate,2226.009765625,kj500,red,20.77295468834221,126.16577203111628,8000.0,f-35c_10_LRSAM_5,blue,CLIENT_AGM,blue,21.86990077088611,125.98575126314087,10037.472551867957,,,,,,,,,
MsgLocalTrackUpdate,2227.009765625,kj500,red,20.774044181779782,126.16401540549909,8000.0,f-35c_10_LRSAM_5,blue,CLIENT_AGM,blue,21.869034591528948,125.98287460646691,10877.844801246358,,,,,,,,,
MsgLocalTrackUpdate,2228.009765625,kj500,red,20.77513365717304,126.16225875483521,8000.0,f-35c_10_LRSAM_5,blue,CLIENT_AGM,blue,21.868168590931372,125.97999874080855,11718.23237631333,,,,,,,,,
MsgLocalTrackUpdate,2229.009765625,kj500,red,20.776280453881217,126.16040962181295,8000.0,f-35c_10_LRSAM_5,blue,CLIENT_AGM,blue,21.867302769049306,125.97712366585405,12558.635271023539,,,,,,,,,
MsgLocalTrackUpdate,2230.009765625,kj500,red,20.777369191324777,126.15865404995256,8000.0,f-35c_10_LRSAM_5,blue,CLIENT_AGM,blue,21.866437125838676,125.97424938129183,13399.053479337772,,,,,,,,,
MsgLocalTrackUpdate,2231.009765625,kj500,red,20.778459312534892,126.15689619260236,8000.0,f-35c_10_LRSAM_5,blue,CLIENT_AGM,blue,21.865571661255434,125.97137588681045,14239.486995213061,,,,,,,,,
MsgLocalTrackUpdate,2232.009765625,kj500,red,20.779606051248816,126.1550469790841,8000.0,f-35c_10_LRSAM_5,blue,CLIENT_AGM,blue,21.864706375255512,125.96850318209863,15079.935812616068,,,,,,,,,
MsgLocalTrackUpdate,2233.009765625,kj500,red,20.780695434501222,126.15329020052876,8000.0,f-35c_10_LRSAM_5,blue,CLIENT_AGM,blue,21.86384126779486,125.96563126684526,15920.399925513899,,,,,,,,,
MsgLocalTrackUpdate,2234.009765625,kj500,red,20.781784799701519,126.15153339691828,8000.0,f-35c_10_LRSAM_5,blue,CLIENT_AGM,blue,21.862976338829448,125.96276014073939,16760.87932787551,,,,,,,,,
MsgLocalTrackUpdate,2225.014404296875,kj500,red,20.77186517686161,126.16752863168817,8000.0,f-35c_10_LRSAM_6,blue,CLIENT_AGM,blue,21.87083346062872,126.00607308927162,9197.107575712205,,,,,,,,,
MsgLocalTrackUpdate,2226.014404296875,kj500,red,20.77295468834221,126.16577203111628,8000.0,f-35c_10_LRSAM_6,blue,CLIENT_AGM,blue,21.869981102205095,126.00319090984149,10037.464486316505,,,,,,,,,
MsgLocalTrackUpdate,2227.014404296875,kj500,red,20.774044181779782,126.16401540549909,8000.0,f-35c_10_LRSAM_6,blue,CLIENT_AGM,blue,21.869128918720207,126.00030952247829,10877.836727750737,,,,,,,,,
MsgLocalTrackUpdate,2228.014404296875,kj500,red,20.77519099748335,126.16216629884325,8000.0,f-35c_10_LRSAM_6,blue,CLIENT_AGM,blue,21.86827691013147,125.9974289268701,11718.22429396785,,,,,,,,,
MsgLocalTrackUpdate,2229.014404296875,kj500,red,20.776280453881217,126.16040962181295,8000.0,f-35c_10_LRSAM_6,blue,CLIENT_AGM,blue,21.867425076396298,125.99454912270517,12558.627178923409,,,,,,,,,
MsgLocalTrackUpdate,2230.014404296875,kj500,red,20.777369191324777,126.15865404995256,8000.0,f-35c_10_LRSAM_6,blue,CLIENT_AGM,blue,21.866573417472107,125.99167010967193,13399.045376576983,,,,,,,,,
MsgLocalTrackUpdate,2231.014404296875,kj500,red,20.778459312534892,126.15689619260236,8000.0,f-35c_10_LRSAM_6,blue,CLIENT_AGM,blue,21.86572193331633,125.98879188745896,14239.478880890043,,,,,,,,,
MsgLocalTrackUpdate,2232.014404296875,kj500,red,20.779606051248816,126.1550469790841,8000.0,f-35c_10_LRSAM_6,blue,CLIENT_AGM,blue,21.864870623886407,125.98591445575497,15079.9276858238,,,,,,,,,
MsgLocalTrackUpdate,2233.014404296875,kj500,red,20.780695434501222,126.15329020052876,8000.0,f-35c_10_LRSAM_6,blue,CLIENT_AGM,blue,21.86401948913977,125.98303781424885,15920.391785351932,,,,,,,,,
MsgLocalTrackUpdate,2234.014404296875,kj500,red,20.781784799701519,126.15153339691828,8000.0,f-35c_10_LRSAM_6,blue,CLIENT_AGM,blue,21.863168529033864,125.98016196262964,16760.87117344006,,,,,,,,,
MsgLocalTrackUpdate,2225.019287109375,kj500,red,20.77186517686161,126.16752863168817,8000.0,f-35c_10_LRSAM_1,blue,CLIENT_AGM,blue,21.87864509528484,125.94156582427014,9197.113657389962,,,,,,,,,
MsgLocalTrackUpdate,2226.019287109375,kj500,red,20.77295468834221,126.16577203111628,8000.0,f-35c_10_LRSAM_1,blue,CLIENT_AGM,blue,21.877716055212897,125.93871047660797,10037.470323504875,,,,,,,,,
MsgLocalTrackUpdate,2227.019287109375,kj500,red,20.774044181779782,126.16401540549909,8000.0,f-35c_10_LRSAM_1,blue,CLIENT_AGM,blue,21.876787211262073,125.935855916702,10877.842325304153,,,,,,,,,
MsgLocalTrackUpdate,2228.019287109375,kj500,red,20.77519099748335,126.16216629884325,8000.0,f-35c_10_LRSAM_1,blue,CLIENT_AGM,blue,21.875858563381588,125.93300214424043,11718.229656740092,,,,,,,,,
MsgLocalTrackUpdate,2229.019287109375,kj500,red,20.776280453881217,126.16040962181295,8000.0,f-35c_10_LRSAM_1,blue,CLIENT_AGM,blue,21.874930111520666,125.93014915891166,12558.632311761257,,,,,,,,,
MsgLocalTrackUpdate,2230.019287109375,kj500,red,20.777369191324777,126.15865404995256,8000.0,f-35c_10_LRSAM_1,blue,CLIENT_AGM,blue,21.874001855628563,125.92729696040418,13399.050284327961,,,,,,,,,
MsgLocalTrackUpdate,2231.019287109375,kj500,red,20.778459312534892,126.15689619260236,8000.0,f-35c_10_LRSAM_1,blue,CLIENT_AGM,blue,21.87307379565452,125.92444554840671,14239.483568398877,,,,,,,,,
MsgLocalTrackUpdate,2232.019287109375,kj500,red,20.779606051248816,126.1550469790841,8000.0,f-35c_10_LRSAM_1,blue,CLIENT_AGM,blue,21.872145931547802,125.92159492260805,15079.932157933115,,,,,,,,,
MsgLocalTrackUpdate,2233.019287109375,kj500,red,20.780695434501222,126.15329020052876,8000.0,f-35c_10_LRSAM_1,blue,CLIENT_AGM,blue,21.87121826325769,125.9187450826972,15920.396046899408,,,,,,,,,
MsgLocalTrackUpdate,2234.019287109375,kj500,red,20.781784799701519,126.15153339691828,8000.0,f-35c_10_LRSAM_1,blue,CLIENT_AGM,blue,21.870290790733453,125.9158960283633,16760.875229265486,,,,,,,,,
MsgLocalTrackUpdate,2237.502685546875,kj500,red,20.77186517686161,126.16752863168817,8000.0,f-35c_4_LRSAM_6,blue,CLIENT_AGM,blue,20.438653539863157,125.07815900566364,2915.1450507242944,,,,,,,,,
MsgLocalTrackUpdate,2238.502685546875,kj500,red,20.77295468834221,126.16577203111628,8000.0,f-35c_4_LRSAM_6,blue,CLIENT_AGM,blue,20.44145941022612,125.07784315914607,2764.37869016271,,,,,,,,,
MsgLocalTrackUpdate,2239.502685546875,kj500,red,20.774044181779782,126.16401540549909,8000.0,f-35c_4_LRSAM_6,blue,CLIENT_AGM,blue,20.444265412436884,125.07752728624516,2613.6277209701766,,,,,,,,,
MsgLocalTrackUpdate,2240.502685546875,055_1,red,21.047783333333335,125.00977777777778,0.0,f-35c_4_LRSAM_6,blue,CLIENT_AGM,blue,20.447071546490854,125.07721138695767,2462.892144233882,74597.984535871496,3.0359651202123055,0.034084032921153758,,,,,,
MsgLocalTrackUpdate,2241.502685546875,kj500,red,20.77519099748335,126.16216629884325,8000.0,f-35c_4_LRSAM_6,blue,CLIENT_AGM,blue,20.44987781238343,125.07689546128026,2312.171961046401,,,,,,,,,
MsgLocalTrackUpdate,2242.502685546875,kj500,red,20.776280453881217,126.16040962181295,8000.0,f-35c_4_LRSAM_6,blue,CLIENT_AGM,blue,20.45268421011003,125.07657950920967,2161.4671725028766,,,,,,,,,
MsgLocalTrackUpdate,2243.502685546875,kj500,red,20.777369191324777,126.15865404995256,8000.0,f-35c_4_LRSAM_6,blue,CLIENT_AGM,blue,20.455490739666043,125.07626353074261,2010.7777796904618,,,,,,,,,
MsgLocalTrackUpdate,2244.502685546875,kj500,red,20.778516649945583,126.15680373258573,8000.0,f-35c_4_LRSAM_6,blue,CLIENT_AGM,blue,20.458297401046867,125.07594752587578,1860.103783704512,,,,,,,,,
MsgLocalTrackUpdate,2245.502685546875,055_1,red,21.047783333333335,125.00977777777778,0.0,f-35c_4_LRSAM_6,blue,CLIENT_AGM,blue,20.46110419424791,125.0756314946059,1709.445185635207,73354.176455531328,3.0359762718492393,0.034860045421786716,,,,,,
MsgLocalTrackUpdate,2246.502685546875,kj500,red,20.779606051248816,126.1550469790841,8000.0,f-35c_4_LRSAM_6,blue,CLIENT_AGM,blue,20.463911119264548,125.07531543692967,1558.8019865745932,,,,,,,,,
MsgLocalTrackUpdate,2237.365478515625,kj500,red,20.77186517686161,126.16752863168817,8000.0,f-35c_4_LRSAM_5,blue,CLIENT_AGM,blue,20.445280510868898,125.07335410393807,2792.631981904172,,,,,,,,,
MsgLocalTrackUpdate,2238.365478515625,kj500,red,20.77295468834221,126.16577203111628,8000.0,f-35c_4_LRSAM_5,blue,CLIENT_AGM,blue,20.448086202237715,125.07305737628667,2641.3194546094473,,,,,,,,,
MsgLocalTrackUpdate,2239.365478515625,kj500,red,20.774101523039821,126.16392295082542,8000.0,f-35c_4_LRSAM_5,blue,CLIENT_AGM,blue,20.450892025998293,125.07276062379479,2490.0222964457016,,,,,,,,,
MsgLocalTrackUpdate,2240.365478515625,055_1,red,21.047783333333335,125.00977777777778,0.0,f-35c_4_LRSAM_5,blue,CLIENT_AGM,blue,20.453697982146153,125.07246384645936,2338.7405085063538,73749.764758786681,3.0422704692064255,0.034610656668569453,,,,,,
MsgLocalTrackUpdate,2241.365478515625,kj500,red,20.77519099748335,126.16216629884325,8000.0,f-35c_4_LRSAM_5,blue,CLIENT_AGM,blue,20.456504070676814,125.07216704427726,2187.4740918866855,,,,,,,,,
MsgLocalTrackUpdate,2242.365478515625,054A_1,red,21.230644444444444,124.82280555555555,0.0,f-35c_4_LRSAM_5,blue,CLIENT_AGM,blue,20.45931029158579,125.07187021724542,2036.2230476810244,97190.028613311748,2.8619682549180188,0.023013749346843464,,,,,,
MsgLocalTrackUpdate,2243.365478515625,kj500,red,20.776280453881217,126.16040962181295,8000.0,f-35c_4_LRSAM_5,blue,CLIENT_AGM,blue,20.462116644868587,125.07157336536066,1884.9873769848573,,,,,,,,,
MsgLocalTrackUpdate,2244.365478515625,kj500,red,20.777369191324777,126.15865404995256,8000.0,f-35c_4_LRSAM_5,blue,CLIENT_AGM,blue,20.464923130520717,125.07127648861996,1733.7670808891978,,,,,,,,,
MsgLocalTrackUpdate,2245.365478515625,kj500,red,20.778516649945583,126.15680373258573,8000.0,f-35c_4_LRSAM_5,blue,CLIENT_AGM,blue,20.467729748537682,125.07097958702013,1582.5621604911457,,,,,,,,,
MsgLocalTrackUpdate,2246.365478515625,055_1,red,21.047783333333335,125.00977777777778,0.0,f-35c_4_LRSAM_5,blue,CLIENT_AGM,blue,20.470536498914978,125.07068266055813,1431.3726168833277,72505.97832173988,3.0422810849895083,0.035402488560948742,,,,,,
MsgLocalTrackUpdate,2237.40478515625,055_1,red,21.047783333333335,125.00977777777778,0.0,f-35c_8_LRSAM_5,blue,CLIENT_AGM,blue,21.753511017767728,125.06523651686948,2836.2154725655446,80167.589369470545,0.16699435176356167,0.030868088057489782,,,,,,
MsgLocalTrackUpdate,2238.40478515625,kj500,red,20.772266577927255,126.16688146597019,8000.0,f-35c_8_LRSAM_5,blue,CLIENT_AGM,blue,21.753237112988046,125.06222014584279,2791.7893398466376,,,,,,,,,
MsgLocalTrackUpdate,2239.40478515625,052D_1,red,21.736599999999999,124.87254722222221,0.0,f-35c_8_LRSAM_5,blue,CLIENT_AGM,blue,21.752963149387856,125.05920374428378,2747.3786152420535,27579.642553335423,1.4718535762117726,0.10611390097598855,,,,,,
MsgLocalTrackUpdate,2240.40478515625,054A_2,red,21.585680555555555,125.03614444444445,0.0,f-35c_8_LRSAM_5,blue,CLIENT_AGM,blue,21.75268912696707,125.05618731220864,2702.983299068743,22183.503070963696,0.48950810077716123,0.13301062680255496,,,,,,
MsgLocalTrackUpdate,2241.40478515625,052D_2,red,21.277241666666665,124.58474999999999,0.0,f-35c_8_LRSAM_5,blue,CLIENT_AGM,blue,21.752415045725602,125.05317084963369,2658.6033916529896,78332.336211102607,0.81559787585219745,0.031902649712451166,,,,,,
MsgLocalTrackUpdate,2242.40478515625,054A_1,red,21.230644444444444,124.82280555555555,0.0,f-35c_8_LRSAM_5,blue,CLIENT_AGM,blue,21.752140905663367,125.05015435657515,2614.238893315625,67116.977246983792,0.50312897913463761,0.039137856518526394,,,,,,
MsgLocalTrackUpdate,2243.40478515625,kj500,red,20.773356082760571,126.16512485617125,8000.0,f-35c_8_LRSAM_5,blue,CLIENT_AGM,blue,21.751866706780294,125.04713783304932,2569.8898043762497,,,,,,,,,
MsgLocalTrackUpdate,2244.40478515625,kj500,red,20.774502910460544,126.16327576616713,8000.0,f-35c_8_LRSAM_5,blue,CLIENT_AGM,blue,21.751592449076288,125.04412127907241,2525.5561251588715,,,,,,,,,
MsgLocalTrackUpdate,2245.40478515625,kj500,red,20.775592378255809,126.16151910495687,8000.0,f-35c_8_LRSAM_5,blue,CLIENT_AGM,blue,21.751318132551276,125.04110469466072,2481.237855982747,,,,,,,,,
MsgLocalTrackUpdate,2246.40478515625,055_1,red,21.047783333333335,125.00977777777778,0.0,f-35c_8_LRSAM_5,blue,CLIENT_AGM,blue,21.751043757205185,125.0380880798305,2436.9349971729457,79849.088808679575,0.15181725247509595,0.031041401038700307,,,,,,
MsgLocalTrackUpdate,2225.406005859375,055_1,red,21.047783333333335,125.00977777777778,0.0,f-35c_8_LRSAM_2,blue,CLIENT_AGM,blue,21.759291409334985,125.07716597360192,3070.7573232012182,80154.146608067895,0.13532958351011137,0.03087543560925236,,,,,,
MsgLocalTrackUpdate,2226.406005859375,052D_2,red,21.277241666666665,124.58474999999999,0.0,f-35c_8_LRSAM_2,blue,CLIENT_AGM,blue,21.75895059286617,125.07414605872526,2930.260007859699,76949.707190375309,0.79155856502035482,0.03269451603625715,,,,,,
MsgLocalTrackUpdate,2227.406005859375,kj500,red,20.772266577927255,126.16688146597019,8000.0,f-35c_8_LRSAM_2,blue,CLIENT_AGM,blue,21.758609706175,125.07112602518967,2789.778215612812,,,,,,,,,
MsgLocalTrackUpdate,2228.406005859375,052D_1,red,21.736599999999999,124.87254722222221,0.0,f-35c_8_LRSAM_2,blue,CLIENT_AGM,blue,21.758268749256043,125.06810587300492,2649.311947480516,25151.42685298809,1.4475385307932169,0.11680426881025639,,,,,,
MsgLocalTrackUpdate,2229.406005859375,054A_2,red,21.585680555555555,125.03614444444445,0.0,f-35c_8_LRSAM_2,blue,CLIENT_AGM,blue,21.75792772210386,125.06508560218084,2508.861204493141,21470.815969142477,0.37757012712230936,0.13756879570458183,,,,,,
MsgLocalTrackUpdate,2230.406005859375,kj500,red,20.773413424620415,126.16503240233016,8000.0,f-35c_8_LRSAM_2,blue,CLIENT_AGM,blue,21.757586624713035,125.06206521272718,2368.425987671671,,,,,,,,,
MsgLocalTrackUpdate,2231.406005859375,054A_1,red,21.230644444444444,124.82280555555555,0.0,f-35c_8_LRSAM_2,blue,CLIENT_AGM,blue,21.75724545707814,125.05904470465377,2228.006298044644,66134.209949990822,0.46437003987304459,0.039874801215305601,,,,,,
MsgLocalTrackUpdate,2232.406005859375,kj500,red,20.774502910460544,126.16327576616713,8000.0,f-35c_8_LRSAM_2,blue,CLIENT_AGM,blue,21.75690421919374,125.05602407797039,2087.602136636887,,,,,,,,,
MsgLocalTrackUpdate,2233.406005859375,kj500,red,20.775592378255809,126.16151910495687,8000.0,f-35c_8_LRSAM_2,blue,CLIENT_AGM,blue,21.756562911054402,125.05300333268688,1947.2135044758504,,,,,,,,,
MsgLocalTrackUpdate,2234.406005859375,055_1,red,21.047783333333335,125.00977777777778,0.0,f-35c_8_LRSAM_2,blue,CLIENT_AGM,blue,21.75622153265472,125.04998246881301,1806.8404025824595,79844.761558457511,0.12012145563665449,0.031043851725852473,,,,,,
MsgLocalTrackUpdate,2237.40966796875,054A_2,red,21.585680555555555,125.03614444444445,0.0,f-35c_8_LRSAM_4,blue,CLIENT_AGM,blue,21.753659286809615,125.05649668825598,2859.121919464257,21957.075870018969,0.46102178058618853,0.1344270309113704,,,,,,
MsgLocalTrackUpdate,2238.40966796875,052D_2,red,21.277241666666665,124.58474999999999,0.0,f-35c_8_LRSAM_4,blue,CLIENT_AGM,blue,21.75336969267187,125.0534805668957,2818.6262071103115,77893.723799233529,0.80889804628877771,0.032151227330354623,,,,,,
MsgLocalTrackUpdate,2239.40966796875,kj500,red,20.772266577927255,126.16688146597019,8000.0,f-35c_8_LRSAM_4,blue,CLIENT_AGM,blue,21.753080039860592,125.0504644193752,2778.1459174511033,,,,,,,,,
MsgLocalTrackUpdate,2240.40966796875,052D_1,red,21.736599999999999,124.87254722222221,0.0,f-35c_8_LRSAM_4,blue,CLIENT_AGM,blue,21.752790328376033,125.04744824571084,2737.681050782444,26706.276833948483,1.4663967137977119,0.10973748841059988,,,,,,
MsgLocalTrackUpdate,2241.40966796875,055_1,red,21.047783333333335,125.00977777777778,0.0,f-35c_8_LRSAM_4,blue,CLIENT_AGM,blue,21.752500558218465,125.04443204591902,2697.23160739611,80019.30553766615,0.15287356698942986,0.030948852766440802,,,,,,
MsgLocalTrackUpdate,2242.40966796875,kj500,red,20.773356082760571,126.16512485617125,8000.0,f-35c_8_LRSAM_4,blue,CLIENT_AGM,blue,21.75221072938815,125.04141582001611,2656.7975875875827,,,,,,,,,
MsgLocalTrackUpdate,2243.40966796875,054A_1,red,21.230644444444444,124.82280555555555,0.0,f-35c_8_LRSAM_4,blue,CLIENT_AGM,blue,21.751920841885347,125.0383995680185,2616.378991651125,66601.002756391521,0.48787526217830129,0.03952234671615084,,,,,,
MsgLocalTrackUpdate,2244.40966796875,kj500,red,20.774502910460544,126.16327576616713,8000.0,f-35c_8_LRSAM_4,blue,CLIENT_AGM,blue,21.75163089571033,125.03538328994254,2575.9758198783684,,,,,,,,,
MsgLocalTrackUpdate,2245.40966796875,kj500,red,20.775592378255809,126.16151910495687,8000.0,f-35c_8_LRSAM_4,blue,CLIENT_AGM,blue,21.75134089086336,125.03236698580466,2535.5880725632474,,,,,,,,,
MsgLocalTrackUpdate,2246.40966796875,054A_2,red,21.585680555555555,125.03614444444445,0.0,f-35c_8_LRSAM_4,blue,CLIENT_AGM,blue,21.751050827344706,125.02935065562119,2495.215750000585,21319.478383224134,0.41076667049090343,0.13857532724448521,,,,,,
MsgLocalTrackUpdate,2237.400146484375,052D_2,red,21.277241666666665,124.58474999999999,0.0,f-35c_8_LRSAM_6,blue,CLIENT_AGM,blue,21.75349750513402,125.07684793778465,2916.862769295277,79378.728626289841,0.82821569561157771,0.031318883809041805,,,,,,
MsgLocalTrackUpdate,2238.400146484375,kj500,red,20.772266577927255,126.16688146597019,8000.0,f-35c_8_LRSAM_6,blue,CLIENT_AGM,blue,21.75323892687401,125.07382588631486,2880.7078656867857,,,,,,,,,
MsgLocalTrackUpdate,2239.400146484375,052D_1,red,21.736599999999999,124.87254722222221,0.0,f-35c_8_LRSAM_6,blue,CLIENT_AGM,blue,21.752980290475882,125.07080381144537,2844.5684121291,28776.599534599907,1.4774237723725545,0.10150031702204908,,,,,,
MsgLocalTrackUpdate,2240.400146484375,055_1,red,21.047783333333335,125.00977777777778,0.0,f-35c_8_LRSAM_6,blue,CLIENT_AGM,blue,21.752721595939903,125.06778171319276,2808.4444088853616,80268.955938964296,0.17896464937185541,0.030813348565131436,,,,,,
MsgLocalTrackUpdate,2241.400146484375,054A_2,red,21.585680555555555,125.03614444444445,0.0,f-35c_8_LRSAM_6,blue,CLIENT_AGM,blue,21.752462843266304,125.06475959157352,2772.3358562167946,22730.022352362223,0.53731174575862584,0.1297094164149121,,,,,,
MsgLocalTrackUpdate,2242.400146484375,054A_1,red,21.230644444444444,124.82280555555555,0.0,f-35c_8_LRSAM_6,blue,CLIENT_AGM,blue,21.752204032455335,125.06173744660423,2736.2427543897493,67674.474177597091,0.51909496743800176,0.038728166534532996,,,,,,
MsgLocalTrackUpdate,2243.400146484375,kj500,red,20.773356082760571,126.16512485617125,8000.0,f-35c_8_LRSAM_6,blue,CLIENT_AGM,blue,21.751945163507248,125.05871527830142,2700.1651036616176,,,,,,,,,
MsgLocalTrackUpdate,2244.400146484375,kj500,red,20.774502910460544,126.16327576616713,8000.0,f-35c_8_LRSAM_6,blue,CLIENT_AGM,blue,21.75168623642229,125.05569308668164,2664.1029042991413,,,,,,,,,
MsgLocalTrackUpdate,2245.400146484375,kj500,red,20.775592378255809,126.16151910495687,8000.0,f-35c_8_LRSAM_6,blue,CLIENT_AGM,blue,21.751427251200717,125.05267087176145,2628.056156560807,,,,,,,,,
MsgLocalTrackUpdate,2246.400146484375,052D_2,red,21.277241666666665,124.58474999999999,0.0,f-35c_8_LRSAM_6,blue,CLIENT_AGM,blue,21.751168207842774,125.04964863355737,2592.0248607137473,78382.805858693726,0.81854818970926502,0.031874169593538552,,,,,,
MsgLocalTrackUpdate,2237.423828125,kj500,red,20.772322524784901,126.16679126411078,8000.0,xq-58a_20,blue,XQ-58A,blue,23.08264474963621,127.46445260140115,10395.2248652498,,,,,,,,,
MsgLocalTrackUpdate,2238.423828125,kj500,red,20.773413424620415,126.16503240233016,8000.0,xq-58a_20,blue,XQ-58A,blue,23.083447889753494,127.46217091497377,10250.337241998213,,,,,,,,,
MsgLocalTrackUpdate,2239.423828125,kj500,red,20.774502910460544,126.16327576616713,8000.0,xq-58a_20,blue,XQ-58A,blue,23.08425103344679,127.459889097992,10105.45944622637,,,,,,,,,
MsgLocalTrackUpdate,2240.423828125,kj500,red,20.775592378255809,126.16151910495687,8000.0,xq-58a_20,blue,XQ-58A,blue,23.085054180709935,127.45760715045185,9960.591478605009,,,,,,,,,
MsgLocalTrackUpdate,2241.423828125,kj500,red,20.776739166965527,126.15966996083252,8000.0,xq-58a_20,blue,XQ-58A,blue,23.085857331536783,127.4553250723494,9815.733339799759,,,,,,,,,
MsgLocalTrackUpdate,2242.423828125,kj500,red,20.77782859771737,126.15791324820512,8000.0,xq-58a_20,blue,XQ-58A,blue,23.086660485921165,127.45304286368062,9670.88503048243,,,,,,,,,
MsgLocalTrackUpdate,2243.423828125,kj500,red,20.778916267258996,126.15615932151287,8000.0,xq-58a_20,blue,XQ-58A,blue,23.087463643856935,127.4507605244416,9526.046551318304,,,,,,,,,
MsgLocalTrackUpdate,2244.423828125,kj500,red,20.780007405073555,126.15439974779441,8000.0,xq-58a_20,blue,XQ-58A,blue,23.088266805337923,127.44847805462834,9381.217902973203,,,,,,,,,
MsgLocalTrackUpdate,2245.423828125,kj500,red,20.781154116785888,126.15255049679928,8000.0,xq-58a_20,blue,XQ-58A,blue,23.089069970357972,127.44619545423693,9236.39908611841,,,,,,,,,
MsgLocalTrackUpdate,2246.423828125,kj500,red,20.78224347438492,126.15079368263886,8000.0,xq-58a_20,blue,XQ-58A,blue,23.089873138910917,127.44391272326334,9091.590101420808,,,,,,,,,
MsgLocalTrackUpdate,2237.4287109375,kj500,red,20.772322524784901,126.16679126411078,8000.0,xq-58a_19,blue,XQ-58A,blue,22.761044371603624,127.21097312481187,10395.216199699524,,,,,,,,,
MsgLocalTrackUpdate,2238.4287109375,kj500,red,20.773413424620415,126.16503240233016,8000.0,xq-58a_19,blue,XQ-58A,blue,22.761973986913418,127.20875488157975,10250.326617856335,,,,,,,,,
MsgLocalTrackUpdate,2239.4287109375,kj500,red,20.774502910460544,126.16327576616713,8000.0,xq-58a_19,blue,XQ-58A,blue,22.762903613685797,127.20653650774405,10105.446855800299,,,,,,,,,
MsgLocalTrackUpdate,2240.4287109375,kj500,red,20.775592378255809,126.16151910495687,8000.0,xq-58a_19,blue,XQ-58A,blue,22.76383325191477,127.20431800329995,9960.576914199315,,,,,,,,,
MsgLocalTrackUpdate,2241.4287109375,kj500,red,20.776739166965527,126.15966996083252,8000.0,xq-58a_19,blue,XQ-58A,blue,22.764762901594327,127.20209936824249,9815.716793719012,,,,,,,,,
MsgLocalTrackUpdate,2242.4287109375,kj500,red,20.77782859771737,126.15791324820512,8000.0,xq-58a_19,blue,XQ-58A,blue,22.76569256271845,127.19988060256686,9670.866495029057,,,,,,,,,
MsgLocalTrackUpdate,2243.4287109375,kj500,red,20.778916267258996,126.15615932151287,8000.0,xq-58a_19,blue,XQ-58A,blue,22.76662223528112,127.19766170626814,9526.026018794028,,,,,,,,,
MsgLocalTrackUpdate,2244.4287109375,kj500,red,20.780064741134218,126.154307285904,8000.0,xq-58a_19,blue,XQ-58A,blue,22.767551919276336,127.19544267934147,9381.19536568254,,,,,,,,,
MsgLocalTrackUpdate,2245.4287109375,kj500,red,20.781154116785888,126.15255049679928,8000.0,xq-58a_19,blue,XQ-58A,blue,22.768481614698068,127.19322352178195,9236.37453636306,,,,,,,,,
MsgLocalTrackUpdate,2246.4287109375,kj500,red,20.78224347438492,126.15079368263886,8000.0,xq-58a_19,blue,XQ-58A,blue,22.7694113215403,127.19100423358472,9091.563531501744,,,,,,,,,
MsgLocalTrackUpdate,2237.433349609375,kj500,red,20.772322524784901,126.16679126411078,8000.0,xq-58a_18,blue,XQ-58A,blue,22.444411262753047,127.02847266646266,10395.234655394575,,,,,,,,,
MsgLocalTrackUpdate,2238.433349609375,kj500,red,20.773413424620415,126.16503240233016,8000.0,xq-58a_18,blue,XQ-58A,blue,22.44545649063291,127.02631816606191,10250.343293234358,,,,,,,,,
MsgLocalTrackUpdate,2239.433349609375,kj500,red,20.774502910460544,126.16327576616713,8000.0,xq-58a_18,blue,XQ-58A,blue,22.446501737284407,127.02416353568765,10105.461766707893,,,,,,,,,
MsgLocalTrackUpdate,2240.433349609375,kj500,red,20.775649718166203,126.16142664840984,8000.0,xq-58a_18,blue,XQ-58A,blue,22.447547002701686,127.02200877533421,9960.590076484807,,,,,,,,,
MsgLocalTrackUpdate,2241.433349609375,kj500,red,20.776739166965527,126.15966996083252,8000.0,xq-58a_18,blue,XQ-58A,blue,22.448592286878924,127.01985388499595,9815.72822323526,,,,,,,,,
MsgLocalTrackUpdate,2242.433349609375,kj500,red,20.77782859771737,126.15791324820512,8000.0,xq-58a_18,blue,XQ-58A,blue,22.449637589810273,127.01769886466717,9670.876207622892,,,,,,,,,
MsgLocalTrackUpdate,2243.433349609375,kj500,red,20.778916267258996,126.15615932151287,8000.0,xq-58a_18,blue,XQ-58A,blue,22.450682911489896,127.0155437143422,9526.034030320336,,,,,,,,,
MsgLocalTrackUpdate,2244.433349609375,kj500,red,20.780064741134218,126.154307285904,8000.0,xq-58a_18,blue,XQ-58A,blue,22.451728251911955,127.01338843401541,9381.201691995819,,,,,,,,,
MsgLocalTrackUpdate,2245.433349609375,kj500,red,20.781154116785888,126.15255049679928,8000.0,xq-58a_18,blue,XQ-58A,blue,22.4527736110706,127.01123302368114,9236.379193315282,,,,,,,,,
MsgLocalTrackUpdate,2246.433349609375,kj500,red,20.78224347438492,126.15079368263886,8000.0,xq-58a_18,blue,XQ-58A,blue,22.45381898896,127.00907748333371,9091.566534950845,,,,,,,,,
